,Name,City,Country,Arena,Capactity,Logo URL,Division,City,State,,,,,,,,,,,,,,,,,,,,
Team,老鹰,亚特兰大,美国,飞利浦球馆,19445,,东南,亚特兰大,乔治亚州,,,,,,,,,,,,,,,,,,,,
Team,凯尔特人,波士顿,美国,TD北岸花园,18624,,大西洋,波士顿,麻萨诸塞州,,,,,,,,,,,,,,,,,,,,
Team,篮网,布鲁克林,美国,巴克莱中心,20049,,大西洋,布鲁克林,纽约,,,,,,,,,,,,,,,,,,,,
Team,黄蜂,夏洛特,美国,光谱中心,19000,,东南,夏洛特,北卡罗莱纳,,,,,,,,,,,,,,,,,,,,
Team,公牛,芝加哥,美国,联合中心,21711,,中央,芝加哥,伊利诺斯州,,,,,,,,,,,,,,,,,,,,
Team,骑士,克利夫兰,美国,速贷球馆,20562,,中央,克利夫兰,俄亥俄州,,,,,,,,,,,,,,,,,,,,
Team,独行侠,达拉斯,美国,美国航空中心,19200,,西南,达拉斯,德州,,,,,,,,,,,,,,,,,,,,
Team,掘金,丹佛,美国,百事中心球馆,19099,,西北,丹佛,科罗拉多州,,,,,,,,,,,,,,,,,,,,
Team,活塞,底特律,美国,小凯撒球馆,22076,,中央,底特律,密歇根,,,,,,,,,,,,,,,,,,,,
Team,勇士,金州,美国,甲骨文球馆,19596,,太平洋,金州,加州,,,,,,,,,,,,,,,,,,,,
Team,火箭,休斯顿,美国,丰田中心,18500,,西南,休斯顿,德州,,,,,,,,,,,,,,,,,,,,
Team,步行者,印第安纳州,美国,银行家人寿球馆,18345,,中央,印第安纳州,印第安纳州,,,,,,,,,,,,,,,,,,,,
Team,快船,洛杉矶,美国,斯台普斯中心球馆,18997,,太平洋,洛杉矶,加州,,,,,,,,,,,,,,,,,,,,
Team,湖人,洛杉矶,美国,斯台普斯中心球馆,18997,,太平洋,洛杉矶,加州,,,,,,,,,,,,,,,,,,,,
Team,灰熊,孟菲斯,美国,联邦快递球馆,19351,,西南,孟菲斯,田纳西州,,,,,,,,,,,,,,,,,,,,
Team,热火,迈阿密,美国,美国航空球馆,16500,,东南,迈阿密,佛罗里达,,,,,,,,,,,,,,,,,,,,
Team,雄鹿,密尔沃基,美国,费哲广场,18717,,中央,密尔沃基,威斯康辛州,,,,,,,,,,,,,,,,,,,,
Team,森林狼,明尼苏达州,美国,标靶中心,19006,,西北,明尼苏达州,明尼苏达州,,,,,,,,,,,,,,,,,,,,
Team,鹈鹕,新奥尔良,美国,冰沙王中心,17200,,西南,新奥尔良,路易斯安那州,,,,,,,,,,,,,,,,,,,,
Team,尼克斯,纽约,美国,麦迪逊广场花园,19763,,大西洋,纽约,纽约,,,,,,,,,,,,,,,,,,,,
Team,雷霆,俄克拉荷马城,美国,切萨皮克能源球馆,17072,,西北,俄克拉荷马城,俄克拉何马州,,,,,,,,,,,,,,,,,,,,
Team,魔术,奥兰多,美国,安利中心,17283,,东南,奥兰多,佛罗里达,,,,,,,,,,,,,,,,,,,,
Team,76人,费城,美国,富国银行中心,20444,,大西洋,费城,宾西法尼亚,,,,,,,,,,,,,,,,,,,,
Team,太阳,凤凰城,美国,拖金斯迪克度假酒店球馆,18422,,太平洋,凤凰城,亚利桑那州,,,,,,,,,,,,,,,,,,,,
Team,开拓者,波特兰,美国,摩达中心,19980,,西北,波特兰,俄勒冈州,,,,,,,,,,,,,,,,,,,,
Team,国王,萨克拉门托,美国,黄金一号中心,17317,,太平洋,萨克拉门托,加州,,,,,,,,,,,,,,,,,,,,
Team,马刺,圣安东尼奥,美国,ATT中心,18797,,西南,圣安东尼奥,德州,,,,,,,,,,,,,,,,,,,,
Team,猛龙,多伦多,加拿大,加拿大丰业银行球馆,19800,,大西洋,多伦多,加拿大,,,,,,,,,,,,,,,,,,,,
Team,爵士,犹他州,美国,威英特智能家居球馆球馆,19911,,西北,犹他州,犹他州,,,,,,,,,,,,,,,,,,,,
Team,奇才,华盛顿,美国,首都一号球馆,20173,,东南,华盛顿,特区,,,,,,,,,,,,,,,,,,,,
NewFranchiseLogo,,,,,,,,,,,,,,,,,,,,,,,,,,,,,
,,,,,,,,,,,,,,,,,,,,,,,,,,,,,
Type,FirstName,Last Name,Position,Age,Height,Weight,Team ID,Defence,TurnOvers,FTA,FTPerc,2PTA,2PTPerc,3PTA,ThreePerc,OffReb,Fame,DefReb,FastBreak,Assists,Personality,Potential,Steals,Blocks,Stamina,Trait,,,
//球员,//姓,//名,//位置,//年龄,//身高,//体重,//球队,//防御,//失误,//罚篮出手,//罚中率,//2分出手,//2分中率,//3分出手,//3分中率,//进攻篮板,//名望,//防守篮板,//快攻,//助攻,//人品,//潜力,//抢断,//盖帽,//体力,//特性,//城市,//省份,
// 索引,//仅一个,//全部,//C PF SF SG PG,//19-40,//170-222,//160-290,//0-29,//24-99,//0.3-4,//0.3-9,//0.3-0.9,//2-17,//0.3-0.7,//0.1-9,//0.1-0.5,//0.2-5,//1-100,//1-11,//10-100,//0.2-11,//15-98,//35-85,//0.1-2,//0-3,//32-100,//CG EX HF HH IH PT R SP,//城市,//省份,
players,所罗门,希尔,SF,30,198,226,0,69.2,0.6,0.6,0.761,1.2,0.453,3,0.321,0.6,50,2.4,70,1.1,100,60,0.7,0.2,75,,,,
players,凯文,韦尔特,SG,23,201,190,0,73.1,1.1,0.9,0.781,5,0.51,5.6,0.363,0.6,50,2.8,75,3.5,100,75,1.2,0.3,81.9,,,,
players,特雷,杨,PG,23,186,180,0,70,4.1,8.7,0.886,11.3,0.491,6.3,0.343,0.6,50,3.3,90,9.4,100,100,0.8,0.2,89.6,HH,,,
players,克林特,卡佩拉,C,28,209,240,0,85.4,1.2,3.6,0.573,11,0.594,0,0,4.7,50,9.6,70,0.8,100,85,0.7,2,80.1,IH,,,
players,约翰,柯林斯,PF,24,206,235,0,74.6,1.3,3.2,0.833,8.9,0.615,3.3,0.399,1.9,50,5.5,70,1.2,100,85,0.5,1,77.9,,,,
players,达尼洛,加里纳里,SF,33,209,233,0,67.7,0.8,3.4,0.925,4.3,0.466,5,0.406,0.3,50,3.8,70,1.5,100,75,0.6,0.2,75,IH,,,
players,奥尼卡,奥孔武,C,21,204,235,0,66.2,0.6,1.1,0.632,2.9,0.658,0.1,0,1.2,50,2,60,0.4,100,75,0.5,0.7,75,R,,,
players,托尼,斯内尔,SG,30,199,213,0,63.8,0.4,0.2,1,1.3,0.419,2.3,0.569,0.4,50,2,70,1.3,100,65,0.3,0.2,75,,,,
players,布兰登,古德温,PG,26,180,180,0,63.1,0.8,0.9,0.651,2.6,0.433,2.2,0.311,0.2,50,1.3,70,2,100,65,0.4,0,75,,,,
players,博格丹,博格达诺维奇,SG,29,199,220,0,68.5,1.2,1,0.909,5.3,0.522,7.6,0.438,0.5,50,3.2,70,3.3,100,80,1.1,0.3,79,IH,,,
players,内森,奈特,PF,24,209,253,0,62.3,0.5,1.7,0.8,2,0.463,1,0.182,0.8,50,1.4,60,0.2,100,60,0.3,0.3,75,R,,,
players,斯凯拉,梅斯,SG,24,194,205,0,62.3,0.3,0.8,0.88,1.8,0.517,1.2,0.35,0.3,50,0.8,65,0.9,100,60,0.4,0.1,75,R,,,
players,布鲁诺,费尔南多,C,23,206,240,0,62.3,0.6,0.7,0.682,1.3,0.429,0.1,0,0.5,50,1.9,50,0.3,100,65,0.1,0.1,75,IH,,,
players,卡姆 ,雷迪什,SF,22,204,218,0,65.4,1.3,3.2,0.817,5.3,0.46,4.8,0.262,0.8,50,3.2,70,1.3,100,70,1.3,0.3,76.6,,,,
players,路易斯,威廉姆斯,SG,35,186,175,0,61.5,1.8,2.3,0.87,6.8,0.37,2.3,0.444,0.3,50,1.8,75,3.4,100,65,0.3,0.1,75,EX,,,
players,德安德烈,亨特,SF,24,204,225,0,64.6,1.3,3.7,0.859,6.7,0.582,4.1,0.326,0.7,50,4,70,1.9,100,75,0.8,0.5,78.5,,,,
players,克里斯,邓恩,PG,28,191,205,0,60.8,0.8,1,0.75,2.5,0.1,0.5,0,0,50,1.5,70,0.5,100,70,0.5,0.5,75,,,,
players,佩顿,普里查德,SG,23,186,195,1,66.9,0.8,0.7,0.889,2.6,0.482,3.8,0.411,0.5,50,1.9,75,1.8,100,70,0.6,0.1,75,R,,,
players,杰森,塔图姆,PF,22,204,210,1,79.2,2.7,5.3,0.868,13,0.502,7.6,0.386,0.8,50,6.6,80,4.3,100,90,1.2,0.5,95.2,HH,,,
players,格兰特,威廉姆斯,PF,22,199,2336,1,67.7,0.9,0.8,0.588,1.9,0.508,2,0.372,0.8,50,2.1,60,1,100,70,0.5,0.4,75,,,,
players,杰伦,布朗,SG,24,199,223,1,75.4,2.7,4.3,0.764,12.1,0.536,7.1,0.397,1.2,50,4.8,85,3.4,100,85,1.2,0.6,91.8,HH,,,
players,谢米,奥杰莱,SF,26,199,240,1,64.6,0.4,0.6,0.75,1.1,0.492,2.8,0.367,0.6,50,2.1,70,0.7,100,70,0.3,0,75,,,,
players,特里斯坦,汤普森,C,29,206,254,1,70.8,1.1,2.2,0.592,6,0.523,0.1,0,3.1,50,5,60,1.2,100,75,0.4,0.6,75,,,,
players,罗伯特,威廉姆斯,C,23,204,237,1,74.6,1,1.4,0.616,4.9,0.727,0,0,2.6,50,4.3,65,1.8,100,80,0.8,1.8,75,,,,
players,马库斯,斯马特,PG,26,191,220,1,71.5,2,3.4,0.79,4.8,0.482,5.9,0.33,0.8,50,2.7,80,5.7,100,70,1.5,0.5,87.5,,,,
players,阿隆,内史密斯,SF,21,196,215,1,64.6,0.5,0.6,0.786,1.5,0.543,2.3,0.37,0.6,50,2.2,65,0.5,100,65,0.3,0.2,75,R,,,
players,肯巴,沃克,PG,30,183,184,1,68.5,2,3.5,0.899,7.5,0.486,8.2,0.36,0.4,50,3.6,80,4.9,100,75,1.1,0.3,84.6,,,,
players,卡森,爱德华兹,SG,22,181,200,1,61.5,0.2,0.4,0.846,1.5,0.604,2,0.286,0.1,50,0.7,,0.5,100,60,0.2,0,75,,,,
players,特雷蒙特沃特斯,,PG,23,178,175,1,61.5,1,0.7,0.941,1.8,0.413,1.5,0.395,0.2,50,0.6,65,2.4,100,60,0.6,0,75,,,,
players,塔克,法尔,C,25,227,311,1,62.3,0.3,0.8,0.333,1.5,0.724,0,0,0.8,50,1.9,55,0.2,100,60,0.1,1.1,75,,,,
players,罗密欧,兰福德,SG,21,194,216,1,61.5,0.6,0.7,0.75,2.3,0.39,1,0.278,0.7,50,1.3,70,0.7,100,65,0.3,0.3,75,,,,
players,卢克,科内特,C,25,219,250,1,62.3,0.3,0.1,0.5,2.1,0.684,2,0.25,0.7,50,2.2,60,1.1,100,60,0.1,1.4,75,,,,
players,埃文,富尼尔,SF,28,201,205,1,63.8,1.2,0.9,0.714,4.8,0.429,5.9,0.463,0.3,50,3,70,3.1,100,80,1.3,0.6,78.5,,,,
players,贾巴里,帕克,PF,25,204,245,1,60.8,0.7,1.3,0.769,3.8,0.632,1,0.2,0.9,50,2.7,70,1,100,70,0.1,0.4,75,,,,
players,乔,哈里斯,SF,29,199,20,2,68.5,0.9,0.9,0.778,3.8,0.555,6.4,0.475,0.6,50,3,75,1.9,100,75,0.7,0.2,82.4,,,,
players,杰夫,格林,PF,34,204,235,2,69.2,0.8,2.4,0.776,4.1,0.564,3.7,0.412,0.5,50,3.4,70,1.6,100,70,0.5,0.4,75,PT,,,
players,布鲁斯,布朗,SG,24,194,202,2,71.5,0.8,1.8,0.735,5.6,0.599,0.9,0.288,1.7,50,3.7,75,1.6,100,75,0.9,0.4,75,,,,
players,兰德里,沙梅特,SG,23,194,190,2,64.6,0.8,1.3,0.846,2,0.463,5.5,0.387,0.2,50,1.7,70,1.6,100,70,0.5,0.2,75,,,,
players,蒂莫西,卢瓦乌卡巴罗,SF,25,201,200,2,65.4,0.7,0.7,0.814,2,0.47,4.1,0.314,0.5,50,1.7,70,1.2,100,65,0.6,0.1,75,,,,
players,德安德鲁,乔丹,C,32,211,265,2,71.5,1.5,1.6,0.5,4.4,0.766,0,0,2.1,50,5.4,60,1.6,100,60,0.3,1.1,75,,,,
players,凯莉,欧文,PG,28,188,195,2,72.3,2.4,4,0.922,13.1,0.561,7,0.402,1,50,3.8,95,6,100,95,1.4,0.7,92.8,SP,,,
players,泰勒,约翰逊,PG,28,191,186,2,62.3,0.4,0.5,0.857,1.3,0.471,3.4,0.364,0.2,50,1.8,70,1.2,100,65,0.4,0,75,,,,
players,詹姆斯,哈登,SG,31,196,220,2,71.5,4,7.3,0.856,9.4,0.552,7.3,0.366,0.8,50,7.7,95,10.9,100,100,1.3,0.8,97.3,HF,,,
players,凯文,杜兰特,PF,32,209,240,2,69.2,3.4,6.8,0.882,11.8,0.577,5.4,0.45,0.4,50,6.7,80,5.6,100,100,0.7,1.3,88,HF,,,
players,尼古拉斯,克拉克斯顿,C,21,211,215,2,66.9,0.6,2,0.484,4.4,0.636,0.2,0.2,1.3,50,3.8,60,0.9,100,75,0.7,1.3,75,,,,
players,布雷克,格里芬,C,31,209,250,2,64.6,1.2,2.1,0.782,4.2,0.574,3.1,0.383,1.1,50,3.6,70,2.4,100,75,0.7,0.5,75,SP,,,
players,雷吉,佩里,PF,20,204,250,2,61.5,0.6,0.5,0.769,2.2,0.491,0.8,0.19,1,50,1.8,65,0.5,100,65,0.2,0.2,75,R,,,
players,克里斯,奇奥萨,PG,25,181,175,2,61.5,0.7,0.8,0.765,2.1,0.391,1.9,0.31,0.1,50,1,65,3,100,65,0.3,0.3,75,,,,
players,阿利兹,约翰逊,PF,24,206,212,2,62.3,0.5,0.7,1,3.4,0.629,0.3,0.167,1.5,50,3.5,65,0.8,100,70,0.3,0.3,75,,,,
players,迈克,詹姆斯,PG,30,186,189,2,60.8,1.5,2.1,0.778,4.7,0.377,2.4,0.355,0.2,50,2.2,70,4.2,100,70,0.5,0.1,75,,,,
players,拉马库斯,阿尔德里奇,C,35,211,248,-1,61.5,1.4,2,1,8.6,0.488,1,0.8,0.4,50,4.4,60,2.6,100,60,0.6,2.2,75,HF,,,
players,斯宾塞,丁维迪,PG,27,196,215,2,60.8,1.7,2,1,3,0.444,2.3,0.286,0,50,4.3,75,3,100,75,0.7,0.3,75,,,,
players,特里,罗齐尔,SG,26,186,190,3,75.4,1.9,2.9,0.817,8.2,0.512,8.3,0.389,0.7,50,3.7,80,4.2,100,80,1.3,0.4,91.8,,,,
players,迈尔斯,布里奇斯,SF,22,199,225,3,74.6,1.6,1.7,0.867,5,0.593,4.4,0.4,1.2,50,4.8,75,2.2,100,80,0.7,0.8,77.9,,,,
players,俾斯麦,比永博,C,28,204,255,3,70.8,1.1,1.6,0.448,3.7,0.589,0,0,2.1,50,3.2,65,1.2,100,70,0.3,1.1,75,,,,
players,P.J.,华盛顿,PF,22,201,200,3,78.5,2,2.3,0.745,6.2,0.48,4.5,0.386,1.5,50,5.1,70,2.5,100,80,1.1,1.2,81.1,,,,
players,德文特,格雷厄姆,PG,25,186,195,3,66.9,1.5,2.9,0.842,3.5,0.38,8.7,0.375,0.4,50,2.3,75,5.4,100,75,0.9,0.1,80.3,,,,
players,凯莱布,马丁,SF,25,196,205,3,66.9,0.6,1.2,0.641,2.5,0.496,2.4,0.248,0.6,50,2.1,65,1.3,100,60,0.7,0.2,75,,,,
players,科迪,马丁,SF,25,196,205,3,66.9,0.8,0.8,0.581,2.5,0.515,1.1,0.276,1,50,2.1,65,1.7,100,60,0.7,0.2,75,,,,
players,拉梅洛,鲍尔,PG,19,199,180,3,74.6,2.8,3.2,0.758,8.1,0.489,5.1,0.352,1.2,50,4.7,80,6.1,100,100,1.6,0.4,76.6,R,,,
players,科迪,泽勒,C,28,211,240,3,68.5,1.1,2.5,0.714,6.2,0.598,0.6,0.143,2.5,50,4.4,55,1.8,100,70,0.6,0.4,75,,,,
players,杰伦,麦克丹尼尔斯,SF,23,206,205,3,66.9,1,1.4,0.703,3.8,0.547,2.2,0.333,1,50,2.6,70,1.1,100,65,0.6,0.4,75,,,,
players,戈登,海沃德,SF,30,201,225,3,70.8,2.1,4.2,0.843,10.3,0.499,4.7,0.415,0.8,50,5,75,4.1,100,85,1.2,0.3,90.4,GL,,,
players,马利克,蒙克,SG,22,191,200,3,63.8,1.3,1.7,0.819,4.5,0.471,5,0.401,0.3,50,2.1,70,2.1,100,65,0.5,0.1,75,,,,
players,布拉德,瓦纳梅克,PG,31,191,210,3,62.3,1.5,2,0.889,4.6,0.5,1.1,0.125,0.5,50,1.3,65,3.4,100,65,0.8,0.2,75,,,,
players,弗农,凯里,C,19,206,270,3,60.8,0.3,0.6,0.818,1.5,0.586,0.4,0.143,0.3,50,1.1,55,0.1,100,65,0.1,0.3,75,R,,,
players,尼克,理查兹,C,23,214,245,3,60,0.2,0.6,0.636,0.4,0.5,0.1,0,0.2,50,0.4,55,0.1,100,60,0,0,75,R,,,
players,格兰特,里勒,PG,23,188,190,3,60,0.1,0,0,1.1,0.75,0.6,0.5,0,50,0.1,60,0.4,100,60,0.1,0,75,R,,,
players,内特,达林,SG,22,199,200,3,60,0.1,0.4,1,0,0,1,0.286,0.1,50,0,65,0.1,100,60,0,0.1,75,R,,,
players,帕特里克,威廉姆斯,PF,19,201,215,4,76.9,1.4,1.8,0.728,5.5,0.515,1.9,0.391,0.9,50,3.7,60,1.4,100,70,0.9,0.6,75,R,,,
players,科比,怀特,PG,20,196,195,4,73.1,2.3,2.1,0.901,6.5,0.473,6.6,0.359,0.4,50,3.7,75,4.8,100,70,0.6,0.2,83,,,,
players,赛迪斯,杨,PF,32,204,235,4,76.9,2,1.7,0.628,9.1,0.58,0.7,0.267,2.5,50,3.8,65,4.3,100,70,1.1,0.6,75,,,,
players,丹泽尔,瓦伦丁,SF,27,194,220,4,68.5,0.7,0.3,0.941,2.8,0.431,3.9,0.331,0.4,50,2.8,70,1.7,100,70,0.5,0.1,75,,,,
players,扎克,拉文,SG,25,196,200,4,73.8,3.5,5.1,0.849,11.1,0.571,8.2,0.419,0.6,50,4.4,90,4.9,100,90,0.8,0.5,93.4,HH,,,
players,托马斯,萨托兰斯基,SG,29,201,210,4,68.5,1.7,1.4,0.848,3.6,0.602,2,0.356,0.5,50,1.9,70,4.7,100,70,0.7,0.2,75,,,,
players,加雷特,坦普尔,SG,34,196,195,4,70.8,1,0.9,0.8,3.2,0.503,3.6,0.335,0.5,50,2.3,70,2.2,100,70,0.8,0.5,75,,,,
players,劳里,马尔卡宁,PF,23,214,240,4,70,1,1.8,0.826,4.4,0.582,5.8,0.402,0.7,50,4.6,65,0.9,100,75,0.5,0.3,75,IH,,,
players,瑞安,阿西迪亚科诺,PG,26,191,195,4,63.1,0.2,0.5,0.65,1.1,0.48,1.5,0.373,0.1,50,1.4,70,1.3,100,65,0.2,0,75,,,,
players,尼古拉,武切维奇,C,30,211,260,4,69.2,1.7,1.8,0.87,12.9,0.509,5.8,0.388,2.3,50,9.3,60,3.9,100,85,0.9,0.8,86.7,,,,
players,丹尼尔,泰斯,C,28,204,245,4,65.4,1.1,1.9,0.651,5.3,0.636,2.5,0.281,1.7,50,4.2,55,1.8,100,70,0.7,0.6,75,,,,
players,克里斯蒂亚诺,费莱西奥,C,28,211,270,4,60.8,0.2,0.9,0.563,0.6,0.636,0.1,0,0.6,50,0.9,50,0.5,100,65,0.2,0,75,,,,
players,贾文特,格林,SG,27,194,205,4,61.5,0.4,0.6,1,1.4,0.478,0.5,0.375,0.4,50,0.8,65,0.4,100,60,0.6,0.3,75,,,,
players,亚当,莫科卡,SG,22,194,190,4,60.8,0.4,0.1,0,0.6,0.667,0.7,0.1,0.1,50,0.3,65,0.4,100,60,0.1,0.1,75,,,,
players,特洛伊,布朗,SF,21,199,215,4,61.5,0.4,0.5,0.833,2.4,0.677,1.8,0.333,0.7,50,2.7,65,0.8,100,65,0.5,0.2,75,,,,
players,德文,多特森,PG,21,188,185,4,60.8,0,0,0,1.3,0.714,0.6,0.143,0.2,50,0.3,65,0.6,100,60,0.4,0,75,R,,,
players,艾尔-法鲁克,阿米努,SF,30,204,220,4,60.8,0.5,0.8,0.8,0.7,0.25,1,0.167,0.3,50,2.8,65,0.3,100,70,0.3,0,75,,,,
players,艾萨克,奥科罗,SG,20,196,225,5,67.7,1.3,2.3,0.726,5.1,0.501,3.2,0.29,1,50,2.1,70,1.9,100,75,0.9,0.4,86.2,R,,,
players,迪恩,韦德,PF,24,206,228,5,66.9,0.5,0.6,0.769,1.6,0.571,3.4,0.366,0.6,50,2.8,65,1.2,100,70,0.6,0.3,75,,,,
players,科林,塞克斯顿,SG,22,186,190,5,66.9,2.8,6.4,0.815,14,0.508,4.4,0.371,1,50,2.2,80,4.4,100,90,1,0.2,93.9,HH,,,
players,切迪,奥斯曼,SF,25,201,230,5,67.7,1.4,1.6,0.8,4.4,0.458,5.5,0.306,0.6,50,2.8,70,2.9,100,70,0.9,0.2,75,,,,
players,达柳斯,加兰,PG,21,186,192,5,66.9,3,2.4,0.848,9.9,0.479,4.9,0.395,0.4,50,2,80,6.1,100,75,1.2,0.1,88,,,,
players,贾里特,阿伦,C,22,211,243,5,72.3,1.5,4.5,0.69,7.8,0.623,0.4,0.316,3.1,50,6.8,65,1.7,100,80,0.5,1.4,80.6,,,,
players,丹伊恩,多特森,SG,26,196,210,5,62.3,0.9,0.8,0.667,2.9,0.545,3.5,0.289,0.1,50,1.9,70,2,100,70,0.3,0.1,75,,,,
players,拉马尔,史蒂文斯,PF,23,199,230,5,63.8,0.6,1.3,0.725,2.8,0.523,0.6,0.16,0.6,50,1.8,55,0.6,100,70,0.4,0.3,75,,,,
players,拉里,南斯,PF,28,201,245,5,70,1.6,1.4,0.612,4.5,0.551,3.3,0.36,1.5,50,5.2,65,3.1,100,75,1.7,0.5,83,SP,,,
players,迪伦,温德勒,SF,24,199,196,5,63.8,1,0.9,0.778,1.7,0.585,2.5,0.338,0.6,50,2.8,70,1.1,100,65,0.6,0.4,75,R,,,
players,陶林,普林斯,PF,26,201,218,5,63.8,1.2,1.7,0.837,4.7,0.385,4.1,0.415,0.6,50,3.1,65,2.4,100,65,0.7,0.5,75,,,,
players,布罗德里克,托马斯,SG,24,196,185,5,62.3,0.6,1.4,0.667,1.7,0.458,1.9,0.283,0.3,50,1.5,70,0.9,100,60,0.5,0.3,75,R,,,
players,凯文,乐福,PF,32,204,251,5,64.6,1.5,2,0.824,3.8,0.479,6.2,0.365,0.7,50,6.8,60,2.5,100,75,0.6,0.1,75,GL,,,
players,以赛亚,哈滕斯坦,C,22,214,250,5,63.1,1.4,2.2,0.686,5.3,0.6,0.4,0.333,1.6,50,4.4,55,2.5,100,65,0.5,1.2,75,,,,
players,菲翁杜,卡本盖莱,PF,23,206,250,5,61.5,0.6,0.9,0.786,1.6,0.6,2,0.281,0.7,50,2.2,55,0.8,100,65,0.4,0.6,75,,,,
players,马修,德拉维多瓦,PG,30,191,200,5,60.8,0.5,0.3,1,2.4,0.323,1.9,0.16,0.5,50,1.4,65,4.5,100,65,0.3,0.1,75,,,,
players,杰雷米亚,马丁,PG,24,188,185,5,60.8,0.7,0.6,0.2,2.3,0.286,1.3,0.25,0.2,50,0.6,60,0.4,100,60,0.6,0.2,75,,,,
players,安德森,瓦莱乔,C,38,211,273,5,60,0.2,1.8,0.556,3,0.267,0.2,0,1.4,50,2.6,50,0.6,100,70,0,0.4,75,,,,
players,蒂姆,哈达威,SG,28,196,205,6,69.2,0.9,2.5,0.816,5.5,0.524,7.6,0.391,0.3,50,3,80,1.8,100,80,0.4,0.2,75.5,DB,,,
players,杰伦,布伦森,PG,24,186,190,6,68.5,1.2,2.2,0.795,6.3,0.578,2.9,0.405,0.4,50,3,80,3.5,100,75,0.5,0,75,,,,
players,卢卡,东契奇,PG,21,201,230,6,80,4.3,7.1,0.73,12.2,0.567,8.3,0.35,0.8,50,7.2,90,8.6,100,100,1,0.5,91.2,IH,,,
players,特雷,伯克,PG,28,183,185,6,65.4,0.5,0.9,0.895,3,0.492,2.6,0.354,0.2,50,0.7,70,1.3,100,70,0.6,0.1,75,,,,
players,多利安,芬尼-史密斯,SF,27,201,220,6,72.3,0.8,0.7,0.756,2.7,0.616,5,0.394,1.6,50,3.8,70,1.7,100,75,0.9,0.4,85.1,,,,
players,约什,理查德森,SG,27,196,200,6,70.8,1.3,1.8,0.917,5.9,0.501,4.5,0.33,0.9,50,2.4,80,2.6,100,75,1,0.4,80.6,,,,
players,德怀特,鲍威尔,C,29,209,240,6,69.2,0.7,2.1,0.782,3,0.665,0.4,0.238,1.4,50,2.7,65,1.1,100,70,0.6,0.5,75,,,,
players,威利,考利-斯坦,C,27,214,240,6,69.2,0.5,1.5,0.628,3.2,0.667,0.2,0.091,1.2,50,3.2,50,0.7,100,65,0.4,0.8,75,,,,
players,马克西,科勒贝尔,PF,29,209,240,6,70,0.6,0.7,0.919,1.3,0.46,4.2,0.41,0.9,50,4.3,60,1.4,100,65,0.5,0.7,75,,,,
players,克里斯塔普斯,波尔津吉斯,PF,25,221,240,6,73.1,1.2,3.2,0.855,9.9,0.536,6,0.376,1.9,50,7,60,1.6,100,80,0.5,1.3,82.2,IH,,,
players,约什,格林,SG,20,196,200,6,63.1,0.4,0.6,0.565,1.7,0.559,0.6,0.16,0.7,50,1.3,70,0.7,100,65,0.4,0.1,75,R,,,
players,波班,马扬诺维奇,C,32,224,290,6,62.3,0.4,1.2,0.816,3.5,0.535,0.2,0.125,1.4,50,2.5,45,0.3,100,65,0.1,0.2,75,,,,
players,尼科洛,梅利,PF,30,206,236,6,61.5,0.2,0.8,0.722,1.5,0.441,2.1,0.333,0.7,50,2.1,55,0.8,100,60,0.2,0.1,75,,,,
players,内特,辛顿,SG,21,196,210,6,60.8,0.2,0.5,0.7,1.1,0.478,0.9,0.211,0,50,0.4,65,0.4,100,60,0.3,0.1,75,R,,,
players,泰勒,贝,SF,22,201,215,6,60,0.2,0.3,0.6,1,0.333,0.2,0.25,0.4,50,0.6,65,0.2,100,60,0,0.1,75,R,,,
players,J.J.,雷迪克,SG,36,191,200,6,60.8,0.8,0.4,0.8,1.2,0.267,2.9,0.395,0.1,50,0.8,65,0.8,0,60,0.2,0.1,75,,,,
players,泰瑞尔,特里,PG,20,188,160,6,60.8,0.2,0.3,0.333,0.8,0.556,0.6,0,0,50,0.5,65,0.5,100,60,0.5,0,75,R,,,
players,尼古拉,约基奇,C,25,211,284,7,86.2,3.1,5.5,0.868,14.7,0.606,3.3,0.388,2.8,50,8,65,8.3,100,100,1.3,0.7,92,IH,,,
players,法昆多,坎帕佐,PG,29,178,195,7,71.5,1.1,1.4,0.879,1.5,0.444,3.3,0.352,0.3,50,1.7,70,3.6,100,70,1.2,0.2,75,R,,,
players,迈克尔,波特,SF,22,209,218,7,76.2,1.3,2.2,0.791,7.1,0.628,6.3,0.445,1.5,50,5.8,80,1.1,100,90,0.7,0.9,83.2,,,,
players,贾玛考,格林,PF,30,204,227,7,69.2,0.9,1,0.807,3,0.534,3.4,0.399,1.5,50,3.3,65,0.9,100,65,0.4,0.4,75,,,,
players,威尔,巴顿,SG,30,199,181,7,71.5,1.7,2.2,0.785,6.3,0.459,4.6,0.381,0.7,50,3.3,75,3.2,100,75,0.9,0.4,82.4,,,,
players,保罗,米尔萨普,PF,35,201,257,7,72.3,0.9,1.8,0.724,4.6,0.55,2.6,0.343,1.4,50,3.3,65,1.8,100,70,0.9,0.6,75,,,,
players,PJ,多齐尔,SG,24,199,205,7,68.5,0.9,1.3,0.636,4.1,0.49,3,0.315,0.7,50,2.9,70,1.8,100,70,0.6,0.4,75,,,,
players,贾马尔,默里,PG,23,191,215,7,71.5,2.3,3.2,0.869,9.9,0.523,6.6,0.408,0.8,50,3.3,80,4.8,50,80,1.3,0.3,94.4,,,,
players,蒙特,莫里斯,PG,25,188,183,7,66.2,0.7,1.6,0.795,5.4,0.534,2.9,0.381,0.2,50,1.8,70,3.2,100,70,0.7,0.3,75,,,,
players,齐克,纳吉,PF,20,206,240,7,62.3,0.2,0.4,0.8,1.1,0.578,1.4,0.407,0.3,50,1.2,65,0.2,100,65,0.2,0.1,75,R,,,
players,弗拉特科,钱查尔,PF,23,204,236,7,62.3,0.3,0.3,0.769,1,0.615,0.8,0.273,0.3,50,1,65,0.3,100,60,0.3,0,75,,,,
players,马库斯,霍华德,SG,21,178,175,7,60.8,0.5,0.2,0.778,1.1,0.537,1.8,0.277,0,50,0.5,65,0.5,100,60,0.1,0,75,R,,,
players,波尔,波尔,PF,21,219,220,7,61.5,0.4,0.5,0.667,1.1,0.471,0.8,0.375,0,50,0.8,50,0.2,100,60,0.1,0.3,75,,,,
players,阿隆,戈登,PF,25,204,235,7,64.6,1.2,1.8,0.705,5.7,0.606,2.6,0.266,1.5,50,3.2,80,2.2,100,80,0.7,0.6,75,SP,,,
players,沙奎尔,哈里森,SG,27,201,190,7,63.1,0.4,0.9,0.813,2.6,0.386,0.8,0.214,0.2,50,2.1,70,0.9,100,60,0.9,0.3,75,,,,
players,奥斯汀,里弗斯,SG,28,194,200,7,63.1,0.9,1.1,0.706,2.5,0.5,4.8,0.375,0.2,50,2.1,75,2.6,100,70,1.2,0.1,75,DB,,,
players,贾维尔,麦基,C,33,214,270,7,62.3,1.2,0.9,0.667,4.8,0.508,0.3,0,1.8,50,3.5,65,0.5,100,70,0.2,1.1,75,SP,,,
players,萨迪克,贝,SF,21,201,215,8,73.1,0.9,2.1,0.844,3.3,0.45,6.6,0.38,0.6,50,3.9,75,1.4,100,75,0.7,0.2,75,R,,,
players,以赛亚,斯图尔特,C,19,204,250,8,76.2,1,1.4,0.696,5.1,0.592,0.9,0.333,2.3,50,4.3,60,0.9,100,75,0.6,1.3,75,R,,,
players,约什,杰克逊,SG,23,204,207,8,73.1,2.3,3.5,0.729,7.3,0.487,4.1,0.3,0.9,50,3.2,70,2.3,100,70,0.9,0.8,75,,,,
players,梅森,普拉姆利,C,30,211,254,8,76.2,1.9,3,0.669,6.7,0.626,0.1,0,2.6,50,6.7,50,3.6,100,70,0.8,0.9,75,,,,
players,塞古,敦布亚,PF,20,204,230,8,65.4,0.8,1.1,0.703,3,0.485,2.1,0.226,0.7,50,1.9,50,0.8,100,70,0.4,0.2,75,,,,
players,杰拉米,格兰特,PF,26,204,210,8,72.3,2,6.4,0.845,11.2,0.473,6.1,0.35,0.6,50,4,70,2.8,100,80,0.6,1.1,90.2,,,,
players,萨宾,李,PG,21,188,183,8,66.2,1.1,1.9,0.685,3.9,0.487,0.5,0.348,0.4,50,1.6,70,3.6,100,70,0.7,0.3,75,R,,,
players,韦恩,艾灵顿,SG,33,194,207,8,63.8,0.7,0.8,0.8,1.4,0.524,6,0.422,0.3,50,1.6,70,1.5,100,70,0.4,0.2,75,,,,
players,弗兰克,杰克逊,PG,22,191,205,8,63.1,0.9,1.9,0.813,3.6,0.51,3.8,0.407,0.4,50,1.8,70,0.9,100,70,0.4,0,75,,,,
players,泰勒,库克,PF,23,204,116,8,62.3,0.7,1.3,0.486,3.5,0.684,0.1,0.5,1,50,2.4,60,0.5,100,65,0.3,0.1,75,,,,
players,贾利尔,奥卡福,C,25,209,270,8,62.3,0.8,0.9,0.708,3.4,0.656,0.3,0.222,0.9,50,1.6,50,0.5,100,65,0.2,0.2,75,,,,
players,基里安,海耶斯,PG,19,196,195,8,64.6,3.2,0.7,0.824,5,0.395,2.8,0.278,0.2,50,2.4,70,5.3,100,75,1,0.4,75,R,,,
players,哈米杜,迪亚洛,SG,22,196,202,8,63.8,1.4,3.4,0.662,6.6,0.492,2.1,0.39,1.1,50,4.3,70,1.2,100,70,0.5,0.6,75,,,,
players,丹尼斯,史密斯,PG,23,188,205,8,63.8,1.3,1,0.7,4.1,0.457,2.7,0.352,0.6,50,2.1,75,3.7,100,70,1,0.7,75,,,,
players,迪维达斯,西尔维迪斯,SG,20,204,190,8,60.8,0.3,0.3,0.5,0.6,0.333,1.4,0.357,0,50,1.5,65,0.3,100,60,0.1,0,75,R,,,
players,科里,约瑟夫,PG,29,191,200,8,63.8,1.8,2.2,0.878,7.3,0.543,2,0.368,0.5,50,2.6,75,5.5,100,70,1.2,0.5,75,,,,
players,罗德尼,麦克格鲁德,SG,29,194,205,8,61.5,0.4,0.5,0.75,2.9,0.565,1.5,0.458,0.5,50,0.9,70,1,100,65,0.5,0.1,75,,,,
players,安德鲁,威金斯,SF,25,201,197,9,80.8,1.8,3.4,0.714,9.7,0.529,5.2,0.38,1.2,50,3.7,80,2.4,100,80,0.9,1,88.6,,,,
players,肯特,巴兹莫尔,SG,31,194,195,9,76.2,1.2,1.2,0.692,3.1,0.486,2.7,0.408,0.4,50,3,75,1.6,100,70,1,0.5,75,,,,
players,斯蒂芬,库里,PG,32,191,185,9,79.2,3.4,6.3,0.916,9,0.569,12.7,0.421,0.5,50,5,100,5.8,100,100,1.2,0.1,91,HF,,,
players,德雷蒙德,格林,PF,30,199,230,9,86.2,3,1.4,0.795,4,0.535,2,0.27,0.9,50,6.3,70,8.9,0,75,1.7,0.8,83.8,,,,
players,凯文,鲁尼,C,24,206,222,9,70.8,0.6,0.8,0.646,3,0.578,0.3,0.235,1.9,50,3.4,65,2,100,70,0.3,0.4,75,,,,
players,麦查,穆尔德,PG,26,191,184,9,64.6,0.3,0.4,0.636,0.9,0.667,3.6,0.397,0.1,50,0.9,70,0.4,100,65,0.2,0.2,75,,,,
players,达米翁,李,SG,28,196,210,9,70,0.5,0.8,0.909,1.4,0.638,3.4,0.397,0.4,50,2.8,70,1.3,100,70,0.7,0.1,75,,,,
players,凯利,乌布雷,SF,25,201,203,9,76.9,1.3,3.2,0.695,8,0.519,5.2,0.316,1.5,50,4.5,70,1.3,100,70,1,0.8,81.6,,,,
players,胡安,托斯卡诺-安德森,SG,27,199,209,9,72.3,1.2,0.6,0.71,2.2,0.718,1.7,0.402,0.5,50,3.9,70,2.8,100,70,0.8,0.5,75,,,,
players,乔丹,普尔,SG,21,194,194,9,66.9,1,2.3,0.882,3.9,0.545,5.4,0.351,0.3,50,1.5,70,1.9,100,75,0.5,0.2,75,,,,
players,埃里克,帕斯卡尔,PF,24,199,255,9,65.4,1.1,2.4,0.713,6.1,0.533,1.4,0.333,0.7,50,2.5,65,1.3,100,70,0.3,0.2,75,,,,
players,詹姆斯,怀斯曼,C,19,214,240,9,69.2,1.5,2.2,0.628,8.5,0.542,1,0.316,1.4,50,4.4,60,0.7,100,70,0.3,0.9,75,R,,,
players,尼科,曼尼恩,PG,19,188,190,9,63.1,1,0.9,0.821,1.8,0.315,2,0.367,0.2,50,1.3,70,2.3,100,65,0.5,0,75,R,,,
players,阿伦,斯马伊拉吉奇,PF,20,209,215,9,60.8,0.3,0.4,0.333,1.1,0.412,0.7,0.4,0.4,50,0.7,65,0.3,100,60,0.2,0.3,75,,,,
players,加里,佩顿二世,PG,28,191,190,9,60.8,0.1,0.4,0.75,0.9,0.889,0.4,0.5,0.2,50,0.9,70,0.1,100,60,0.6,0.1,75,,,,
players,乔丹,贝尔,C,26,204,216,9,60,1,2,0.5,2,0,0,0,1,50,4,60,2,100,60,0,2,75,,,,
players,宰希恩,泰特,SF,25,194,230,10,72.3,1.4,2.1,0.694,6.1,0.595,2.8,0.308,1.9,50,3.5,70,2.5,100,70,1.2,0.5,77.7,R,,,
players,斯特拉,布朗,SG,25,196,219,10,66.2,0.8,0.6,0.806,2.4,0.492,4.2,0.423,0.7,50,3.6,70,1.4,100,70,0.7,0.2,75,,,,
players,肯扬,马丁二世,SF,20,199,215,10,66.9,0.8,1.9,0.714,4.9,0.572,2.1,0.365,1.6,50,3.8,80,1.1,100,80,0.7,0.9,75,R,,,
players,克里斯蒂安,伍德,PF,25,209,214,10,70.8,2,4.8,0.631,10.6,0.581,5,0.374,1.9,50,7.8,65,1.7,100,85,0.8,1.2,85.9,,,,
players,约翰,沃尔,PG,30,191,210,10,66.2,3.5,5.3,0.749,11.9,0.449,6.2,0.317,0.4,50,2.8,75,6.9,100,80,1.1,0.8,85.6,,,,
players,丹尼尔,豪斯,SF,27,199,220,10,63.8,1,1.8,0.651,3.2,0.483,4.3,0.346,0.5,50,3.2,70,1.9,100,70,0.6,0.4,75,,,,
players,大卫,努瓦巴,SF,28,196,219,10,64.6,0.6,2.3,0.691,5.2,0.574,2.1,0.27,1.3,50,2.6,70,1,100,70,1,0.7,75,,,,
players,凯里,奥里尼克,C,29,211,240,10,67.7,2.6,5,0.844,7.3,0.643,4.6,0.392,1.6,50,6.9,60,4.1,100,75,1.4,0.6,82.7,,,,
players,埃里克,戈登,SG,32,191,215,10,61.5,1.9,4.2,0.825,5.8,0.573,7.8,0.329,0.3,50,1.9,80,2.6,100,75,0.5,0.5,77.7,,,,
players,凯文,波特,SG,20,194,203,10,62.3,3.5,3.6,0.734,7.9,0.515,6.2,0.311,0.8,50,3,80,6.3,100,90,0.7,0.3,85.4,,,,
players,安东尼,兰姆,SF,23,199,227,10,60.8,0.8,0.9,0.857,2,0.489,3,0.324,1.1,50,1.8,70,1,100,65,0.3,0.2,75,R,,,
players,D.J.,威尔森,PF,24,209,231,10,62.3,0.8,1,0.696,2.9,0.485,2.6,0.339,0.7,50,3,60,0.9,100,65,0.4,0.5,75,,,,
players,亚莫尼,布鲁克斯,PG,22,191,195,10,61.5,1.1,0.6,0.583,1.8,0.514,7.9,0.382,0.5,50,2.9,75,1.5,100,70,0.6,0.3,75,R,,,
players,D.J.,奥古斯丁,PG,33,181,183,10,60.8,1.6,2.7,0.907,3.2,0.476,4.4,0.386,0.5,50,1.8,70,3.9,100,70,0.4,0,75,,,,
players,艾弗里,布拉德利,SG,30,191,180,10,61.5,1.1,0.4,0.833,2.5,0.381,3.7,0.27,0.4,50,1.9,65,1.9,100,65,0.8,0.1,75,,,,
players,凯里,托马斯,SG,24,191,210,10,60.8,1.2,1.8,1,7.8,0.59,5.4,0.333,1.4,50,2.2,75,5,100,70,1.8,1.2,81.4,,,,
players,卡梅伦,托利弗,PF,24,204,225,10,60.8,0.8,1,0.25,5,0.75,3.3,0.308,1.3,50,4,60,1.3,100,60,0.5,1,75,R,,,
players,卡梅伦,雷诺兹,SG,25,201,225,10,60,0,0,0,2,0.5,6,0.25,1,50,1.5,70,1,100,60,0,0,75,,,,
players,贾斯汀,霍乐迪,SG,31,199,180,11,73.8,0.8,1.2,0.788,2.4,0.494,6.3,0.382,0.4,50,3.1,70,1.7,100,70,1,0.6,80.6,,,,
players,TJ,麦康奈尔,PG,28,186,190,11,76.9,2,0.7,0.688,6.4,0.586,0.7,0.313,0.8,50,2.9,70,6.6,100,80,1.9,0.3,75,,,,
players,道格,麦克德莫特,SF,29,201,225,11,65.4,0.8,1.5,0.816,5.7,0.641,4.3,0.388,0.9,50,2.4,70,1.3,100,70,0.3,0.1,75,,,,
players,阿隆,霍乐迪,PG,24,183,185,11,66.2,1,1.3,0.819,3.8,0.406,2.8,0.368,0.2,50,1.1,70,1.9,100,65,0.7,0.2,75,,,,
players,多曼塔斯,萨博尼斯,PF,24,211,240,11,83.1,3.4,5.3,0.732,12,0.582,2.6,0.321,2.4,50,9.5,65,6.7,100,90,1.2,0.5,95.7,DB,,,
players,马尔科姆,布罗格登,PG,28,196,229,11,70,2.1,3.2,0.864,10.8,0.493,6.7,0.388,1,50,4.2,75,5.9,100,85,0.9,0.3,91.8,,,,
players,埃德蒙,萨姆纳,SG,25,194,196,11,65.4,1,1.6,0.819,3.7,0.582,1.7,0.398,0.3,50,1.4,70,0.9,100,65,0.6,0.2,75,,,,
players,迈尔斯,特纳,C,24,211,250,11,76.9,1.4,3,0.782,4.8,0.606,4.4,0.335,1.3,50,5.2,65,1,100,75,0.9,3.4,82.4,,,,
players,戈加,比塔泽,C,21,211,250,11,66.2,0.4,1.4,0.738,2.6,0.548,1.8,0.253,1.3,50,2,60,0.8,100,65,0.2,1.3,75,,,,
players,杰里米,兰姆,SG,28,196,180,11,66.9,0.6,2.1,0.947,4.1,0.459,3.6,0.406,0.7,50,2.9,75,1.5,100,65,0.9,0.6,75,,,,
players,卡里斯,勒维尔,SG,26,199,205,11,69.2,2.2,4.2,0.822,12,0.501,5.6,0.318,0.7,50,4,80,4.9,100,80,1.5,0.7,87.5,,,,
players,凯兰,马丁,SF,25,196,230,11,63.1,0.5,0.3,0.9,2.2,0.487,1.7,0.4,0.5,50,1.7,65,0.5,100,60,0.3,0.3,75,,,,
players,贾卡尔,桑普森,SF,27,201,214,11,62.3,0.5,1,0.655,3.4,0.541,0.5,0.2,0.9,50,1.7,65,0.1,100,65,0.1,0.5,75,,,,
players,卡修斯,斯坦利,SG,21,196,190,11,60.8,0,0.4,0.778,1.3,0.333,0.5,0.231,0.3,50,0.5,65,0,100,60,0,0.1,75,R,,,
players,奥沙,布里塞特,SF,22,204,210,11,64.6,0.5,3.1,0.769,3.5,0.548,3.7,0.423,1.4,50,4.1,70,0.9,100,70,0.9,1,75,,,,
players,阿米达,布里马,C,26,209,230,11,60.8,0.8,0.6,1,1.6,0.625,0,0,0.4,50,1.2,50,0.2,100,60,0,1,75,R,,,
players,T.J.,沃伦,SF,27,204,220,11,60.8,1,2.5,0.8,11,0.614,1.8,0,0.5,50,3,70,1.3,100,70,0.5,0,77.9,,,,
players,伊维卡,祖巴克,C,23,214,240,12,76.2,1.1,2.4,0.789,5.4,0.656,0.1,0.25,2.6,50,4.6,55,1.3,100,75,0.3,0.9,75,,,,
players,尼古拉斯,巴图姆,SF,32,204,230,12,77.7,0.8,0.9,0.828,2.1,0.579,4.1,0.404,0.7,50,4,70,2.2,100,70,1,0.6,75,,,,
players,雷吉,杰克逊,PG,30,188,208,12,70.8,1.1,1.2,0.817,4.5,0.465,4.2,0.433,0.4,50,2.5,70,3.1,100,75,0.6,0.1,75,,,,
players,特伦斯,曼,SG,24,196,215,12,70,0.6,1.4,0.83,3.9,0.541,1.4,0.418,0.8,50,2.8,70,1.6,100,70,0.4,0.2,75,,,,
players,卢克,肯纳德,SG,24,196,206,12,68.5,0.8,0.5,0.839,3,0.511,3.6,0.446,0.2,50,2.3,75,1.7,100,70,0.4,0.1,75,,,,
players,马库斯,莫里斯,PF,31,204,218,12,71.5,1,1.6,0.82,5.1,0.472,5.2,0.473,0.6,50,3.5,70,1,100,75,0.6,0.3,75,,,,
players,保罗,乔治,SF,30,204,220,12,77.7,3.3,4.2,0.868,9.9,0.51,7.7,0.411,0.8,50,5.8,90,5.2,100,90,1.1,0.4,89.6,,,,
players,卡哇伊,伦纳德,SG,29,201,225,12,78.5,2,5.7,0.885,12.6,0.557,4.9,0.398,1.1,50,5.4,90,5.2,100,100,1.6,0.4,90.7,HF,,,
players,阿米尔,科菲,SG,23,201,210,12,62.3,0.3,0.9,0.711,1.1,0.468,1.3,0.411,0.2,50,0.8,70,0.5,100,60,0.2,0,75,,,,
players,塞尔吉,伊巴卡,C,31,209,235,12,70,1.1,1.3,0.811,6.1,0.588,2.8,0.339,1.8,50,4.9,65,1.8,100,70,0.2,1.1,75,,,,
players,帕特里克,帕特森,PF,31,204,235,12,63.8,0.3,0.4,0.765,1.4,0.604,2.9,0.357,0.5,50,1.5,55,0.8,100,70,0.4,0.2,75,,,,
players,帕特里克,贝弗利,PG,32,186,180,12,67.7,0.9,1.2,0.8,2.1,0.468,3.8,0.397,0.8,50,2.4,70,2.1,0,70,0.8,0.8,75,,,,
players,丹尼尔,奥图鲁,C,21,204,240,12,61.5,0.3,0.4,0.75,1.6,0.447,0.2,0.2,0.7,50,0.9,50,0.3,100,60,0.1,0.2,75,R,,,
players,拉简,朗多,PG,34,186,180,12,63.1,2.2,0.8,1,3.4,0.525,2.4,0.432,0.8,50,2.3,70,5.8,100,70,1,0.1,75,CG,,,
players,德马库斯 ,考辛斯,C,30,209,270,12,63.1,1.6,1.4,0.682,4.8,0.566,1.2,0.421,1.4,50,3.1,55,1,100,70,0.8,0.4,75,,,,
players,约吉,费雷尔,PG,27,183,178,12,60.8,0,0.9,1,2.1,0.353,2.4,0.316,0.3,50,1.3,,2.1,100,60,0.5,0.3,75,,,,
players,杰,斯克拉布,SG,20,196,220,12,60.8,1.8,1.3,1,6.8,0.444,2.3,0.222,0.5,50,3,70,0.3,100,65,1,0,75,R,,,
players,蒙特雷兹尔,哈雷尔,C,27,201,240,13,80.8,1.1,3.7,0.707,8.6,0.632,0.1,0,2.3,50,3.9,60,1.1,100,75,0.7,0.7,75,,,,
players,凯尔,库兹马,PF,25,209,221,13,82.3,1.7,1.4,0.691,5.5,0.525,5.6,0.361,1.6,50,4.5,70,1.9,100,80,0.5,0.6,76.3,EX,,,
players,肯塔维奥斯,考德威尔-波普,SG,27,196,204,13,80,1,1.7,0.866,3.2,0.46,4.4,0.41,0.4,50,2.3,75,1.9,100,75,0.9,0.4,75.5,EX,,,
players,塔伦,霍顿-塔克,SG,20,194,234,13,76.9,1.6,2,0.775,5.5,0.522,2,0.282,0.4,50,2.2,75,2.8,100,75,1,0.3,75,,,,
players,丹尼斯,施罗德,PG,27,191,172,13,80.8,2.7,4,0.848,9,0.476,3.5,0.335,0.5,50,3,80,5.8,100,75,1.1,0.2,85.4,,,,
players,马基夫,莫里斯,PF,31,206,245,13,73.8,0.9,0.8,0.72,2.8,0.521,3.4,0.311,0.8,50,3.6,65,1.2,100,65,0.4,0.3,75,EX,,,
players,亚历克斯,卡鲁索,PG,26,194,186,13,76.2,1.3,1.3,0.645,2.9,0.464,2.4,0.401,0.5,50,2.4,80,2.8,100,70,1.1,0.3,75,,,,
players,韦斯利,马修斯,SG,34,194,220,13,71.5,0.4,0.7,0.854,0.9,0.418,3.4,0.335,0.3,50,1.3,70,0.9,100,60,0.7,0.3,75,EX,,,
players,马克,加索尔,C,36,211,255,13,74.6,1,1,0.72,1.4,0.528,2.3,0.41,0.7,50,3.4,50,2.1,100,65,0.5,1.1,75,IH,,,
players,勒布朗,詹姆斯,SF,36,206,250,13,80,3.7,5.7,0.698,12,0.591,6.3,0.365,0.6,50,7,90,7.8,100,100,1.1,0.6,88.8,HF,,,
players,阿方索,麦金尼,SF,28,201,215,13,62.3,0.1,0.5,0.556,1.4,0.593,1,0.41,0.6,50,0.8,65,0.2,100,60,0.2,0,75,,,,
players,安东尼,戴维斯,PF,27,209,253,13,78.5,2.1,5.9,0.738,14.3,0.536,2.8,0.26,1.7,50,6.2,80,3.1,100,100,1.3,1.6,85.9,,,,
players,安德烈,德拉蒙德,C,27,209,279,13,69.2,2,3.6,0.605,9.1,0.531,0,0,3.1,50,7.1,50,1.4,100,70,1.1,1,75,,,,
players,本,麦克勒莫,SG,27,191,195,13,63.1,0.7,1,0.762,1.3,0.481,5.4,0.368,0.2,50,1.4,70,0.5,100,65,0.1,0.3,75,EX,,,
players,德文泰,卡科克,PF,24,201,240,13,61.5,0.3,0.6,0.455,1.5,0.586,0,0,0.6,50,1,60,0.1,100,60,0.3,0.2,75,,,,
players,科斯塔斯,阿德托昆博,PF,23,209,200,13,60.8,0.7,0.9,0.462,0.7,0.3,0,0,0.3,50,1,60,0.1,100,60,0.1,0.3,75,,,,
players,贾里德,达德利,PF,35,199,237,13,60.8,0.2,0,0,0.3,0,0.5,0.333,0.3,50,1.4,60,0.4,100,60,0.1,0.1,75,PT,,,
players,泰尔斯,琼斯,PG,24,183,196,14,70,0.7,0.6,0.911,3.9,0.487,2,0.321,0.3,50,1.7,70,3.7,100,70,0.9,0.1,75,,,,
players,凯尔,安德森,SF,27,206,230,14,80.8,1.2,2.7,0.783,5.8,0.539,3.8,0.36,0.8,50,5,70,3.6,100,75,1.2,0.8,75,,,,
players,戴斯蒙德,贝恩,SG,22,196,215,14,70,0.9,0.7,0.816,3.4,0.513,4,0.432,0.5,50,2.6,75,1.7,100,70,0.6,0.2,75,R,,,
players,狄龙,布鲁克斯,SG,25,201,225,14,73.8,1.8,2.9,0.815,9.8,0.461,5.6,0.344,0.8,50,2.1,75,2.3,100,80,1.2,0.4,79.3,,,,
players,贾,莫兰特,PG,21,191,174,14,72.3,3.2,5.9,0.728,11.4,0.499,3.8,0.303,0.9,50,3.1,85,7.4,100,100,0.9,0.2,86.7,HH,,,
players,尤纳斯,瓦兰丘纳斯,C,28,211,265,14,80,1.6,3.3,0.773,11.1,0.611,0.9,0.368,4.1,50,8.4,55,1.8,100,80,0.6,0.9,75.3,,,,
players,布兰登,克拉克,PF,24,204,215,14,75.4,0.6,1.9,0.69,7.1,0.565,1.3,0.26,1.6,50,3.9,65,1.6,100,70,1,0.9,75,,,,
players,泽维尔,蒂尔曼,PF,22,204,245,14,71.5,0.8,0.9,0.642,4,0.62,1.1,0.338,1.3,50,3.1,60,1.3,100,65,0.7,0.6,75,R,,,
players,德安东尼,梅尔顿,PG,22,188,200,14,71.5,1.3,1,0.804,3.5,0.467,4.1,0.412,0.6,50,2.5,70,2.5,100,70,1.2,0.6,75,,,,
players,格雷森,阿伦,SG,25,194,198,14,69.2,1,1.8,0.868,2.8,0.471,5.5,0.391,0.4,50,2.8,75,2.2,100,70,0.9,0.2,75,,,,
players,约翰,康查尔,SG,24,196,210,14,66.2,0.4,0.7,0.833,1.9,0.585,1.3,0.375,0.8,50,2.2,65,1.1,100,60,0.7,0.2,75,,,,
players,贾斯蒂斯,温斯洛,SF,24,199,222,14,64.6,1.4,1.3,0.571,6,0.41,2.1,0.185,0.7,50,3.8,65,1.9,100,65,0.6,0.5,75,,,,
players,基利安,蒂利,C,22,206,220,14,61.5,0.1,0.6,0.818,1.3,0.375,1.8,0.303,0.3,50,1,50,0.4,100,60,0.3,0.4,75,R,,,
players,肖恩,麦克德莫特,SF,24,199,195,14,60.8,0.2,0.4,1,0.6,0.727,1.2,0.227,0.3,50,0.7,60,0.2,100,60,0.1,0.2,75,R,,,
players,贾伦,杰克逊,PF,21,211,242,14,63.8,1.4,3.8,0.833,5.9,0.554,5.5,0.283,1.5,50,4.1,65,1.1,100,75,1.1,1.6,75,,,,
players,琼泰,波特,PF,21,211,240,14,60.8,0.6,0.5,0.6,0.6,0.714,0.7,0.375,0.4,50,0.9,50,0.1,100,60,0.3,0.1,75,,,,
players,蒂姆,弗雷泽,PG,30,186,170,14,60.8,0.8,1.2,0.333,2.4,0.25,1.6,0,0,50,1.6,70,3.2,100,60,0.4,0.2,75,,,,
players,邓肯,罗宾逊,SF,26,201,215,15,73.8,1.1,1,0.827,1.4,0.625,8.5,0.408,0.1,50,3.4,75,1.8,100,75,0.6,0.3,83.5,,,,
players,巴姆,阿德巴约,C,23,206,255,15,84.6,2.6,5.5,0.799,12.4,0.573,0.1,0.25,2.2,50,6.7,65,5.4,100,90,1.2,1,89.1,HH,,,
players,安德烈,伊戈达拉,SF,37,199,215,15,73.8,1.1,0.6,0.658,1,0.53,2.9,0.33,0.6,50,2.9,70,2.3,100,65,0.9,0.6,75,,,,
players,普雷舍斯,阿丘瓦,PF,21,204,225,15,67.7,0.7,1.8,0.509,3.7,0.546,0,0,1.2,50,2.2,50,0.5,100,65,0.3,0.5,75,R,,,
players,肯德里克,纳恩,PG,25,188,190,15,71.5,1.4,1.1,0.933,6,0.583,5.7,0.381,0.4,50,2.8,80,2.6,100,75,0.9,0.3,78.5,,,,
players,泰勒,希罗,SG,21,196,195,15,72.3,1.9,2.2,0.803,7.4,0.498,5.5,0.36,0.5,50,4.5,80,3.4,100,75,0.6,0.3,80.6,,,,
players,吉米,巴特勒,SF,31,201,230,15,80.8,2.1,8,0.863,12.2,0.538,2,0.245,1.8,50,5.1,85,7.1,100,90,2.1,0.3,89.4,HH,,,
players,戈兰,德拉季奇,PG,34,191,190,15,69.2,2.4,2.4,0.828,6.2,0.479,4.9,0.373,0.5,50,2.9,75,4.4,100,75,0.7,0.2,75,,,,
players,加布,文森特,PG,24,191,200,15,63.8,0.7,0.5,0.87,1.7,0.5,3,0.309,0.2,50,0.9,70,1.3,100,60,0.4,0,75,,,,
players,马克斯,斯特鲁斯,SF,24,196,215,15,62.3,0.2,0.6,0.667,1,0.897,3.8,0.338,0.1,50,0.9,65,0.6,100,65,0.3,0.1,75,,,,
players,KZ,奥卡帕拉,PF,21,204,215,15,63.1,0.4,0.4,0.533,1.2,0.522,1.4,0.24,0.6,50,1.3,50,0.5,100,60,0.3,0.3,75,,,,
players,特雷沃,阿里扎,SF,35,204,190,15,67.7,0.7,1.5,0.773,3.3,0.5,4.8,0.35,0.9,50,3.9,70,1.8,100,75,1,0.6,75,,,,
players,德韦恩,戴德蒙,C,31,214,245,15,63.1,0.8,1.7,0.741,3.8,0.75,0.3,0.2,1.8,50,3.6,50,0.8,100,70,0.6,0.4,75,,,,
players,内马尼亚,别利察,PF,32,209,234,15,61.5,0.5,0.8,0.556,1.7,0.526,2.5,0.37,0.5,50,2,55,1.8,100,65,0.6,0.3,75,,,,
players,维克多,奥拉迪波,SG,28,194,213,15,61.5,3.5,4.5,0.667,6.5,0.462,4.3,0.235,0.8,50,2.8,80,3.5,100,80,1.8,0.5,75,,,,
players,乌多尼斯,哈斯勒姆,PF,40,204,235,15,60,0,0,0,2,1,0,0,0,50,1,50,0,100,50,0,0,75,HH,,,
players,布鲁克,洛佩兹,C,32,214,282,16,76.9,0.9,2,0.845,5.1,0.632,4,0.338,1.5,50,3.5,50,0.7,100,70,0.6,1.5,75,,,,
players,布林,福布斯,SG,27,188,205,16,65.4,0.6,0.9,0.77,2.7,0.511,4.9,0.452,0.2,50,1.4,70,0.6,100,70,0.3,0,75,,,,
players,帕特,康诺顿,SG,28,196,209,16,73.1,0.5,0.6,0.775,1.7,0.583,3.9,0.371,0.9,50,3.9,70,1.2,100,70,0.7,0.3,75,,,,
players,克里斯,米德尔顿,SF,29,201,222,16,76.9,2.6,3.5,0.898,10.4,0.508,5.4,0.414,0.8,50,5.2,80,5.4,100,85,1.1,0.1,88.8,,,,
players,丹特,迪文森佐,SG,24,194,203,16,76.2,1.4,1.1,0.718,3.9,0.475,5.2,0.379,1.2,50,4.5,70,3.1,100,70,1.1,0.2,75,,,,
players,鲍比,波蒂斯,PF,25,209,250,16,75.4,0.8,1.1,0.74,6.7,0.542,2.4,0.471,1.9,50,5.2,65,1.1,100,75,0.8,0.4,75,,,,
players,扬尼斯,阿德托昆博,PF,26,211,242,16,85.4,3.4,9.5,0.685,14.4,0.636,3.6,0.303,1.6,50,9.4,90,5.9,100,100,1.2,1.2,87.8,HF,,,
players,朱,霍乐迪,PG,30,191,205,16,76.9,2.2,2.3,0.787,9.2,0.561,4.8,0.392,1.2,50,3.3,80,6.1,100,85,1.6,0.6,85.9,,,,
players,萨纳西斯,阿德托昆博,SG,28,199,219,16,64.6,0.8,0.9,0.51,1.9,0.556,0.5,0.241,0.9,50,1.2,70,0.8,100,60,0.4,0.2,75,,,,
players,乔丹,沃拉,SF,22,204,225,16,63.1,0.8,0.8,0.76,2.4,0.466,2.1,0.452,0.3,50,1.7,60,0.2,100,60,0.5,0.2,75,R,,,
players,杰夫,蒂格,PG,32,191,195,16,61.5,1.2,2.1,0.864,3.3,0.5,1.2,0.385,0.2,50,1.2,70,2.8,100,65,0.4,0.2,75,,,,
players,P.J.,塔克,SF,35,196,245,16,62.3,0.4,0.3,0.6,0.7,0.385,1.7,0.394,0.9,50,1.9,70,0.8,100,65,0.5,0.1,75,,,,
players,马马迪,迪亚基特,PF,24,206,228,16,61.5,0.2,1,0.786,2.3,0.469,0.6,0.125,0.6,50,1.9,50,0.6,100,65,0.5,0.4,75,R,,,
players,阿克塞尔,唐佩恩,SG,28,201,197,16,60.8,0,0.9,0.714,1.1,0.333,0.3,0.5,0,50,0.8,60,0.5,100,60,0.3,0.4,75,,,,
players,贾斯汀,杰克逊,SF,25,204,220,16,60,1,2,0.5,3,0.333,6,0.333,2,50,4,65,1,100,65,0,0,87.8,,,,
players,埃利加,布莱恩特,SG,25,196,210,16,60,4,3,1,8,0.625,5,0.2,2,50,4,65,3,100,65,0,1,85.1,R,,,
players,安东尼,爱德华兹,SG,19,194,225,17,70.8,2.2,3.8,0.776,9.6,0.483,7.2,0.329,0.8,50,3.8,80,2.9,100,90,1.1,0.5,85.4,R,,,
players,纳兹,里德,C,21,206,245,17,70,1,2.4,0.693,5.8,0.597,2.5,0.351,1.2,50,3.4,60,1,100,75,0.5,1.1,75,,,,
players,里奇 ,卢比奥,PG,30,191,190,17,70,1.6,2.2,0.867,4.2,0.447,3.1,0.308,0.4,50,2.9,75,6.4,100,75,1.4,0.1,75,IH,,,
players,贾里德,范德比尔特,PF,21,206,214,17,71.5,0.8,1.6,0.559,3.6,0.615,0.1,0.2,1.8,50,3.9,60,1.2,100,65,1,0.7,75,,,,
players,杰登,麦克丹尼尔斯,PF,20,206,185,17,66.9,0.7,0.7,0.6,2.7,0.544,3.1,0.364,0.8,50,2.9,60,1.1,100,65,0.6,1,75,R,,,
players,约什,奥科吉,SG,22,194,213,17,66.2,0.7,1.8,0.769,2.5,0.5,1.8,0.269,1.1,50,1.6,70,1.1,100,65,0.9,0.5,75,,,,
players,胡安乔,埃尔南戈麦斯,PF,25,206,214,17,63.8,0.5,1.9,0.619,2.5,0.573,3.2,0.327,0.9,50,3.1,60,0.7,100,75,0.4,0.1,75,,,,
players,乔丹,麦克劳克林,PG,24,181,185,17,64.6,1,0.6,0.767,2.9,0.447,1.8,0.359,0.4,50,1.7,70,3.8,100,65,1,0.1,75,,,,
players,卡尔-安东尼,唐斯,C,25,211,248,17,72.3,3.2,6.2,0.859,11.2,0.541,6.3,0.387,2.7,50,7.9,60,4.5,100,90,0.8,1.1,89.9,,,,
players,杰克,莱曼,SF,26,204,209,17,63.8,0.6,0.8,0.703,2.4,0.642,1.7,0.295,0.3,50,1.2,65,0.6,100,60,0.6,0.4,75,,,,
players,德安吉洛,拉塞尔,PG,24,194,193,17,64.6,2.7,3.5,0.765,8.1,0.471,7.4,0.387,0.4,50,2.3,85,5.8,100,85,1.1,0.4,75.8,,,,
players,杰伦,诺威尔,SG,21,194,201,17,63.1,0.7,1.3,0.818,4.4,0.497,3.6,0.333,0.5,50,1.8,70,1.5,100,70,0.5,0.3,75,,,,
players,马利克,比斯利,SG,24,194,187,17,63.1,1.6,2.2,0.85,7.5,0.487,8.7,0.399,0.8,50,3.6,75,2.4,100,80,0.8,0.2,87.2,,,,
players,贾雷特,卡尔弗,SG,21,199,195,17,62.3,0.8,1.4,0.604,3.4,0.487,1.6,0.245,1,50,2.1,75,0.7,100,70,0.5,0.3,75,,,,
players,埃德,戴维斯,PF,31,206,218,17,63.1,0.3,0.5,0.833,1.9,0.432,0,0,2,50,3,55,0.9,100,65,0.6,0.6,75,,,,
players,埃里克,布莱德索,SG,31,186,214,18,70,1.6,2.7,0.687,5.3,0.496,5,0.341,0.4,50,3,75,3.8,100,70,0.8,0.3,79,,,,
players,布兰顿,英格拉姆,SF,23,204,190,18,70,2.5,5.2,0.878,11.9,0.51,6.1,0.381,0.6,50,4.3,80,4.9,100,85,0.7,0.6,91.2,,,,
players,锡安,威廉姆森,PF,20,201,284,18,72.3,2.7,8.7,0.698,16.4,0.622,0.6,0.294,2.7,50,4.5,85,3.7,100,95,0.9,0.6,88.3,,,,
players,贾克森,海耶斯,C,20,211,220,18,67.7,0.7,2,0.775,4.4,0.635,0.2,0.429,1.5,50,2.8,60,0.6,100,70,0.4,0.6,75,,,,
players,史蒂文,亚当斯,C,27,211,265,18,73.1,1.3,2.3,0.444,5.3,0.62,0.1,0,3.7,50,5.2,60,1.9,100,75,0.9,0.7,75,,,,
players,郎佐,鲍尔,PG,23,199,190,18,73.1,2.2,1.2,0.781,4.5,0.482,8.3,0.378,0.6,50,4.2,80,5.7,100,80,1.5,0.6,84.6,,,,
players,基拉,刘易斯,PG,19,186,170,18,64.6,0.6,0.9,0.843,4,0.415,2.2,0.333,0.2,50,1.1,70,2.3,100,65,0.7,0.2,75,R,,,
players,约什,哈特,SG,25,196,215,18,70,1,1.9,0.775,3.2,0.583,4.1,0.326,1.1,50,6.9,80,2.3,100,80,0.8,0.3,76.3,,,,
players,威利,埃尔南戈麦斯,C,26,211,250,18,67.7,0.7,2,0.667,5.5,0.581,0.2,0.1,2.5,50,4.6,60,1.1,100,75,0.5,0.5,75,,,,
players,尼克尔,亚历山大-沃克,SG,22,199,205,18,67.7,1.5,1.4,0.727,5.2,0.485,4.8,0.347,0.3,50,2.8,75,2.2,100,70,1,0.5,75,,,,
players,纳吉,马绍尔,SF,23,201,220,18,65.4,1.2,2.3,0.707,3.9,0.421,2.6,0.349,0.5,50,4.2,70,2.8,100,65,0.8,0.3,75,R,,,
players,詹姆斯,约翰逊,PF,33,201,240,18,63.8,1.3,2.1,0.596,5.5,0.516,2.7,0.267,0.8,50,3.3,65,2.2,100,65,0.8,0.9,75,,,,
players,韦尼恩,加布里埃尔,PF,23,206,205,18,62.3,0.7,0.8,0.647,1.3,0.393,1.5,0.406,1,50,1.6,65,0.5,100,65,0.4,0.4,75,,,,
players,韦斯利,艾旺杜,SF,26,199,195,18,61.5,0.7,0.9,0.824,1.8,0.469,1,0.111,0.5,50,2.1,65,0.4,100,60,0.3,0.1,75,,,,
players,詹姆斯,纳纳利,SF,30,201,208,18,60,0.2,0.2,0.5,0.1,1,1.3,0.333,0.2,50,0.8,65,0.3,100,60,0,0,75,,,,
players,RJ,巴雷特,SG,20,199,214,19,83.8,1.9,3.8,0.746,10.4,0.457,4.3,0.401,0.9,50,4.8,80,3,100,80,0.7,0.3,92.8,,,,
players,朱利叶斯,兰德尔,PF,26,204,250,19,93.1,3.4,6,0.811,13.1,0.474,5.5,0.411,1.2,50,9,70,6,100,90,0.9,0.3,100,HH,,,
players,雷吉,布洛克,SF,29,199,205,19,77.7,0.7,0.8,0.909,2.5,0.521,6.1,0.41,0.2,50,3.2,70,1.5,100,70,0.8,0.2,79.8,,,,
players,内伦斯,诺埃尔,C,26,211,220,19,87.7,1,1.1,0.714,3.4,0.623,0,0,2.2,50,4.2,60,0.7,100,70,1.1,2.2,75,,,,
players,伊曼纽尔,奎克利,PG,21,191,190,19,70.8,0.9,2.7,0.891,4.3,0.401,4.7,0.389,0.4,50,1.8,75,2,100,75,0.5,0.2,75,R,,,
players,埃尔弗里德,佩顿,PG,26,191,195,19,74.6,1.6,1.7,0.682,8.3,0.46,1.6,0.286,1,50,2.4,75,3.2,100,70,0.7,0.1,75,,,,
players,奥比,托平,PF,22,206,220,19,67.7,0.4,0.4,0.731,2,0.629,1.4,0.306,0.4,50,1.8,55,0.5,100,60,0.3,0.2,75,R,,,
players,泰,吉布森,PF,35,206,232,19,73.1,0.5,1.2,0.727,3.2,0.671,0.3,0.2,2.2,50,3.4,60,0.8,100,70,0.7,1.1,75,,,,
players,凯文,诺克斯,SF,21,201,215,19,64.6,0.4,0.5,0.8,1.3,0.389,2.1,0.393,0.2,50,1.2,65,0.5,100,60,0.3,0.1,75,,,,
players,德里克,罗斯,PG,32,188,200,19,69.2,1.4,2.2,0.883,9.6,0.507,2.6,0.411,0.4,50,2.5,80,4.2,100,80,0.9,0.4,75,HF,,,
players,弗兰克,尼利基纳,PG,22,194,200,19,63.8,0.3,0.5,0.444,0.9,0.194,1.5,0.479,0.2,50,0.8,65,0.6,100,60,0.5,0.1,75,,,,
players,米切尔,罗宾逊,C,22,214,240,19,73.1,0.8,1.7,0.491,5.7,0.653,0,0,3.6,50,4.5,60,0.5,100,75,1.1,1.5,75,,,,
players,西奥,平森,SG,25,196,212,19,60,0.1,0,0,0.1,1,0.5,0,0,50,0.3,65,0.1,100,60,0,0,75,,,,
players,诺维尔,佩尔,C,27,209,231,19,60.8,0,0.2,0.5,0.8,0.714,0,0,0.2,50,1,50,0.1,100,60,0.1,0.7,75,,,,
players,贾里德 , 哈珀,PG,23,178,175,19,60,0.4,0.5,0.75,0.4,0,0.1,0,0,50,0.3,60,0.1,100,60,0,0,75,,,,
players,伊格内斯,布拉兹迪基斯,,22,,,19,60,0.3,0.5,1,0.3,0,0,0,0.3,50,0.3,,0.3,100,60,0,0,75,,,,
players,肯里奇,威廉姆斯,PF,26,199,210,20,69.2,1.2,1,0.571,4.5,0.568,1.8,0.444,1.3,50,2.9,60,2.3,100,65,0.8,0.3,75,,,,
players,西奥,马勒东,PG,19,194,175,20,68.5,2.2,2.1,0.748,4.6,0.402,4.8,0.335,0.4,50,2.9,75,3.5,100,70,0.9,0.2,75,R,,,
players,以赛亚,罗比,PF,22,204,230,20,71.5,1.9,1.9,0.744,5.2,0.547,1.8,0.294,1.5,50,4.1,70,1.8,100,75,0.9,0.6,75,,,,
players,达柳斯,贝兹利,PF,20,204,208,20,70.8,2.2,3.2,0.702,7.3,0.47,5.2,0.29,0.9,50,6.3,70,1.8,100,75,0.5,0.5,83,,,,
players,卢古恩茨,多尔特,SG,21,191,215,20,67.7,1.5,3.2,0.744,6,0.432,6.3,0.343,0.7,50,2.9,75,1.7,100,75,0.9,0.4,79,,,,
players,阿列克谢,波库舍夫斯基,C,19,214,190,20,67.7,2.2,0.9,0.738,4.5,0.403,4.6,0.28,0.7,50,4,60,2.2,100,65,0.4,0.9,75,R,,,
players,摩西,布朗,C,21,219,245,20,70,1,2.9,0.619,6.2,0.545,0,0,3.6,50,5.3,55,0.2,100,75,0.7,1.1,75,,,,
players,谢伊,吉尔杰斯-亚历山大,SG,22,199,180,20,66.2,3,6.5,0.808,11.3,0.547,4.9,0.418,0.5,50,4.2,80,5.9,100,85,0.8,0.7,89.6,,,,
players,迈克,穆斯卡拉,C,29,209,240,20,63.1,0.6,1,0.917,2.4,0.614,5.3,0.37,0.5,50,3.2,65,0.8,100,65,0.2,0.3,75,,,,
players,泰 , 杰罗姆,SG,23,196,195,20,63.1,1.4,1,0.765,3.6,0.479,5.1,0.423,0.3,50,2.5,70,3.6,100,70,0.6,0.2,75,,,,
players,斯维亚托斯拉夫,米哈伊柳克,SF,23,201,205,20,63.8,1.6,0.7,0.7,4.7,0.543,4.8,0.336,0.4,50,2.5,70,1.8,100,70,0.8,0.2,75,,,,
players,艾尔,霍福德,C,34,206,240,20,66.9,1,0.8,0.818,7.4,0.51,5.4,0.368,1,50,5.7,60,3.4,100,70,0.9,0.9,75,,,,
players,托尼,布拉德利,C,23,209,248,20,63.8,1.2,2,0.705,5.5,0.667,0.1,0,2.1,50,4,50,0.9,100,65,0.4,0.8,75,,,,
players,约什,豪尔,SF,20,206,190,20,61.5,1.2,2.1,0.5,3,0.419,1.8,0.108,0.3,50,2.5,60,1.3,100,60,0.2,0,75,R,,,
players,杰伦,霍尔德,PF,21,204,216,20,62.3,0.9,2.2,0.683,4.1,0.571,0.6,0,1.1,50,2.3,70,1.3,100,65,0.7,0.3,75,,,,
players,加布里埃尔,戴克,SF,25,204,232,20,60.8,0.6,2.2,0.818,5.2,0.577,1.5,0.133,1.6,50,2.4,70,2.4,100,70,0.8,0,75,,,,
players,查理,布朗,SG,23,199,199,20,60.8,0.7,1.1,0.9,2.4,0.364,2.3,0.238,0.3,50,1.6,70,1,100,60,0.4,0.2,75,,,,
players,德韦恩,培根,SG,25,199,221,21,66.9,0.6,2.4,0.824,7.2,0.449,2.9,0.285,0.4,50,2.7,70,1.3,100,65,0.6,0.1,75,,,,
players,科尔,安东尼,PG,20,188,185,21,66.9,2.3,2.8,0.832,8.1,0.424,3.7,0.337,0.8,50,3.9,75,4.1,100,80,0.6,0.4,75,R,,,
players,特伦斯,罗斯,SG,29,199,206,21,67.7,1.6,3,0.87,7.7,0.469,5.7,0.337,0.3,50,3.1,80,2.3,100,75,1,0.5,77.9,,,,
players,穆罕默德,班巴,C,22,214,231,21,68.5,0.8,1.4,0.682,4,0.568,2.6,0.322,1.7,50,4.1,55,0.8,100,65,0.3,1.3,75,,,,
players,丘马,奥基基,SF,22,199,229,21,67.7,0.8,0.9,0.75,4.1,0.47,3.1,0.348,0.9,50,3.1,70,2.2,100,70,1.1,0.5,75,R,,,
players,詹姆斯,恩尼斯,SF,30,199,215,21,65.4,0.9,2.1,0.805,3.4,0.504,2.5,0.433,1,50,3,70,1.5,100,70,0.8,0.2,75,,,,
players,查森,兰德尔,PG,27,188,185,21,63.1,1.1,1.2,0.792,2.6,0.449,3.2,0.338,0.2,50,1.8,70,1.8,100,65,0.5,0.1,75,,,,
players,迈克尔,卡特-威廉姆斯,PG,29,196,190,21,64.6,2.2,2.6,0.613,6.7,0.431,2,0.246,1.3,50,3.2,80,4.2,100,75,0.8,0.5,75,,,,
players,R.J.,汉普顿,PG,19,194,175,21,63.8,1.6,2.7,0.657,7.1,0.484,2.7,0.319,0.7,50,4.2,70,2.8,100,65,0.6,0.3,75,R,,,
players,温德尔,卡特,C,21,209,270,21,65.4,1.3,3.1,0.721,8,0.534,1.3,0.241,2.8,50,6,60,1.6,100,75,0.8,0.8,75,,,,
players,加里,哈里斯,SG,26,194,210,21,61.5,1.2,2.4,0.875,6.2,0.366,3.3,0.364,0.4,50,1.2,70,2.3,100,70,0.6,0.4,75,,,,
players,东塔,豪尔,PF,23,209,105,21,61.5,0.6,2.6,0.676,2.7,0.714,0,0,1.8,50,2.9,60,0.8,100,65,0.4,0.8,75,R,,,
players,莫里茨,瓦格纳,C,23,211,245,21,61.5,1.2,3,0.879,4.5,0.44,3.9,0.372,1,50,3.9,60,1.1,100,65,0.4,0.8,75,,,,
players,卡里姆,马内,PG,20,191,190,21,60,0.3,0.5,0.8,1.1,0.182,0.2,0.5,0.1,50,1.3,65,0.4,100,60,0,0.2,75,R,,,
players,伊格内斯,布拉兹迪基斯,SF,22,199,221,21,60.8,1.4,1.5,0.667,6.5,0.462,3.4,0.407,1.3,50,3.9,65,2,100,65,0.5,0.4,77.9,,,,
players,马克尔,富尔茨,SG,22,191,209,21,60.8,2.3,2.4,0.895,11,0.42,2,0.25,0.6,50,2.5,75,5.4,100,75,1,0.3,75,,,,
players,辛达里乌斯,桑威尔,SG,26,194,215,21,60.8,0.4,0.9,0.667,1.6,0.364,2,0.286,0.3,50,1.6,70,2.4,100,60,1.1,0.1,75,,,,
players,奥托,波特,SF,27,204,198,21,60.8,0,1.7,1,5.3,0.5,3,0.111,0,50,4.7,70,1.7,100,65,1.3,0,75,,,,
players,丹尼,格林,SF,33,199,215,22,83.8,1,0.6,0.775,1.6,0.438,6.3,0.405,0.8,50,3,75,1.7,100,75,1.3,0.8,75,,,,
players,德怀特,霍华德,C,35,209,265,22,80,1.6,3,0.576,4.1,0.611,0.3,0.25,2.8,50,5.7,60,0.9,100,75,0.4,0.9,75,HF,,,
players,马蒂斯,塞布尔,SG,23,196,201,22,80.8,0.5,0.3,0.444,1.5,0.59,2.2,0.301,0.5,50,1.4,70,1,100,75,1.6,1.1,75,,,,
players,谢克,米尔顿,SG,24,196,205,22,72.3,1.6,2.8,0.83,7.4,0.494,3.2,0.35,0.5,50,1.8,75,3.1,100,75,0.6,0.3,75,,,,
players,托比亚斯,哈里斯,PF,28,204,226,22,83.8,1.7,3.3,0.892,11.5,0.546,3.4,0.394,1,50,5.8,75,3.5,100,80,0.9,0.8,86.4,,,,
players,泰瑞斯,马克西,SG,20,188,200,22,68.5,0.7,1.1,0.871,5.3,0.512,1.7,0.301,0.2,50,1.5,70,2,100,70,0.4,0.2,75,R,,,
players,本,西蒙斯,PG,24,211,240,22,85.4,3,4.9,0.613,9.9,0.562,0.2,0.3,1.6,50,5.6,80,6.9,100,90,1.6,0.6,86.2,HH,,,
players,赛斯,库里,SG,30,188,185,22,73.1,1.1,1.4,0.896,4.8,0.485,4.9,0.45,0.2,50,2.2,75,2.7,100,75,0.8,0.1,76.3,,,,
players,富尔坎,科尔克马兹,SG,23,201,202,22,71.5,0.8,1.5,0.732,2.8,0.445,4.9,0.375,0.3,50,1.7,70,1.5,100,65,0.9,0.2,75,,,,
players,乔尔,恩比德,C,26,214,280,22,84.6,3.1,10.7,0.859,14.6,0.541,3,0.377,2.2,50,8.4,65,2.8,100,100,1,1.4,82.7,HH,,,
players,迈克,斯科特,PF,32,201,237,22,68.5,0.4,0.2,0.667,1.1,0.411,3,0.342,0.2,50,2.1,60,0.8,100,60,0.5,0.3,75,,,,
players,以赛亚,乔,SG,21,194,165,22,63.1,0.3,0.6,0.75,0.7,0.333,2.6,0.368,0.1,50,0.7,65,0.5,100,60,0.3,0.1,75,R,,,
players,保罗,里德,PF,21,206,210,22,63.1,0.5,0.3,0.5,2.8,0.583,0.2,0,1.2,50,1.2,60,0.5,100,65,0.4,0.5,75,R,,,
players,乔治,希尔,PG,34,194,188,22,63.1,1.2,1.6,0.76,3.4,0.463,1.4,0.391,0.5,50,1.5,70,1.9,100,65,0.7,0.2,75,,,,
players,雷琼,塔克,SG,23,191,209,22,60.8,0.3,1.4,0.737,0.8,0.636,0.5,0.286,0.1,50,0.7,65,0.4,100,60,0.1,0,75,,,,
players,安东尼,托利弗,PF,35,204,240,22,60.8,0.3,0.5,0.833,0.3,0,1.3,0.286,0.3,50,0.6,50,0.2,100,60,0.3,0.2,75,,,,
players,加里,克拉克,SF,26,199,225,22,60,0,0,0,0.5,0,0,0,0,50,1,65,0.5,100,65,0.5,0,75,,,,
players,米卡尔,布里奇斯,SF,24,199,209,23,80,0.8,1.8,0.84,4.9,0.647,4.4,0.425,1.1,50,3.2,75,2.1,100,75,1.1,0.9,86.7,,,,
players,克里斯,保罗,PG,35,183,175,23,80.8,2.2,2.6,0.934,8.9,0.543,3.7,0.395,0.4,50,4.1,85,8.9,100,100,1.4,0.3,83.5,HF,,,
players,德安德烈,艾顿,C,22,211,250,23,83.8,1.5,2.5,0.769,9.7,0.639,0.3,0.2,3.3,50,7.2,60,1.4,100,80,0.6,1.2,81.6,,,,
players,德文,布克,SG,24,196,206,23,75.4,3.1,5.9,0.867,13.7,0.543,5.5,0.34,0.5,50,3.7,90,4.3,100,100,0.8,0.2,90.2,HH,,,
players,杰 ,克劳德,PF,30,199,235,23,74.6,0.9,1.3,0.76,1.9,0.455,6.3,0.389,0.5,50,4.2,65,2.1,0,65,0.8,0.5,75,,,,
players,卡梅隆,约翰逊,PF,24,204,210,23,70.8,0.7,1,0.847,2.5,0.581,5.6,0.349,0.6,50,2.8,60,1.4,100,65,0.6,0.3,75,,,,
players,卡梅隆,佩恩,PG,26,186,183,23,69.2,1,0.9,0.893,3.8,0.515,2.8,0.44,0.3,50,2.1,75,3.6,100,70,0.6,0.3,75,,,,
players,杰文,卡特,PG,25,186,200,23,66.2,0.3,0.1,0.571,1.2,0.528,2.5,0.371,0.3,50,1.3,65,1.2,100,60,0.5,0.2,75,,,,
players,达里奥,萨里奇,PF,26,209,225,23,67.7,1.1,2,0.848,4.1,0.512,2.7,0.348,0.9,50,2.9,55,1.3,100,65,0.6,0.1,75,,,,
players,弗兰克,卡明斯基,C,27,214,240,23,66.9,0.5,1.3,0.617,3.7,0.523,1.8,0.365,0.8,50,3.2,50,1.7,100,65,0.3,0.4,75,,,,
players,兰斯顿,加洛韦,SG,29,186,200,23,62.3,0.3,0.6,0.957,1.6,0.484,2.1,0.424,0.2,50,0.9,65,0.7,100,60,0.2,0,75,,,,
players,托里,克雷格,SF,30,201,221,23,66.2,0.6,0.6,0.8,3,0.619,2.6,0.369,1.4,50,3.4,65,1,100,65,0.6,0.6,75,,,,
players,埃特温,摩尔,SG,31,191,191,23,63.1,0.9,0.5,0.857,3.2,0.512,1.3,0.314,0.5,50,1.1,70,1.5,100,65,0.6,0.2,75,,,,
players,杰伦,史密斯,PF,20,209,215,23,61.5,0.3,0.3,0.714,1.2,0.545,0.6,0.235,0.3,50,1.1,50,0.1,100,60,0,0.2,75,R,,,
players,阿卜杜勒,纳迪尔,SF,27,196,225,23,63.1,0.8,1.5,0.757,3,0.534,1.8,0.419,0.3,50,2.3,65,0.8,100,65,0.4,0.4,75,,,,
players,泰肖恩,亚历山大,SG,22,191,195,23,60,0.2,0.1,0.5,0.2,0.333,0.6,0.222,0.1,50,0.5,60,0.4,100,60,0,0.1,75,R,,,
players,埃内斯,坎特,C,28,209,250,24,73.1,1.1,2.3,0.774,7.7,0.607,0.1,0.25,3.9,50,7.1,60,1.2,100,75,0.5,0.7,75,,,,
players,罗伯特,科文顿,SF,30,201,209,24,78.5,0.9,0.9,0.806,2.2,0.451,5.1,0.379,0.9,50,5.8,70,1.7,100,80,1.4,1.2,85.1,,,,
players,卡梅洛,安东尼,PF,36,201,238,24,66.2,0.9,2.2,0.89,6.6,0.429,4.7,0.409,0.5,50,2.6,70,1.5,100,75,0.7,0.6,75,,,,
players,达米安,利拉德,PG,30,188,195,24,66.2,3,7.2,0.928,9.4,0.519,10.5,0.391,0.5,50,3.7,90,7.5,100,100,0.9,0.3,95.2,HH,,,
players,安弗尼,西蒙斯,SG,21,191,181,24,62.3,0.7,0.9,0.807,1.9,0.403,4.4,0.426,0.2,50,2,75,1.4,100,70,0.3,0.1,75,SP,,,
players,德里克,琼斯,SF,23,196,210,24,66.2,0.6,1.6,0.648,2.9,0.619,2.3,0.316,1.3,50,2.2,70,0.8,100,65,0.6,0.9,75,SP,,,
players,纳西尔,利特尔,PF,20,196,220,24,61.5,0.4,0.9,0.8,1.8,0.575,1.7,0.35,0.7,50,2,60,0.5,100,60,0.1,0.3,75,,,,
players,CJ,麦科勒姆,SG,29,191,190,24,64.6,1.4,2.8,0.812,9.9,0.509,8.9,0.402,0.6,50,3.3,85,4.7,100,90,0.9,0.4,90.4,HH,,,
players,哈利,吉尔斯,C,22,211,240,24,63.1,0.5,0.7,0.593,1.9,0.459,0.6,0.348,0.8,50,2.7,60,0.8,100,60,0.2,0.3,75,,,,
players,优素福,努尔基奇,C,26,211,290,24,69.2,2,3.1,0.619,8.2,0.525,0.8,0.4,2.3,50,6.6,50,3.4,100,85,1,1.1,75,,,,
players,CJ,艾勒比,SF,20,199,200,24,60.8,0.2,0.5,0.733,1.1,0.563,1.1,0.206,0.4,50,0.7,65,0.3,100,60,0.2,0.1,75,R,,,
players,诺曼,鲍威尔,SG,27,191,215,24,63.1,1.6,4,0.88,7.6,0.502,5.4,0.361,0.9,50,2.4,75,1.9,100,85,1.3,0.4,91.5,,,,
players,凯尔金,布莱文斯,SG,25,194,200,24,60,0.3,0,0,0.7,0.25,0.5,0.25,0.2,50,0.4,65,0.2,100,60,0.1,0,75,R,,,
players,郎戴,霍利斯-杰弗森,SF,26,199,217,24,60.8,0.2,1.5,0.563,1.5,0.529,0.1,0,1,50,1.4,65,1.2,100,60,0.2,0.4,75,,,,
players,TJ,利夫,SF,23,209,222,24,60,0.3,0.3,1,1.4,0.5,0,0,0,50,0.7,60,0.1,100,60,0.3,0.1,75,,,,
players,巴迪,希尔德,SG,28,194,220,25,65.4,1.8,1.5,0.846,3.8,0.446,10.2,0.391,0.4,50,4.3,80,3.6,100,80,0.9,0.4,91.2,,,,
players,里乔恩,霍姆斯,C,27,209,235,25,70.8,1.2,2.8,0.794,9.2,0.645,0.2,0.182,2.4,50,5.9,60,1.7,100,75,0.6,1.6,77.7,,,,
players,哈里森,巴恩斯,SF,28,204,225,25,63.8,1.6,4.1,0.83,6.7,0.567,4.4,0.391,1.1,50,5.5,80,3.5,100,75,0.7,0.2,96.3,,,,
players,达龙,福克斯,PG,23,191,185,25,66.2,3,7.2,0.719,13.6,0.539,5.5,0.322,0.6,50,2.9,85,7.2,100,90,1.5,0.5,93.4,,,,
players,泰瑞斯,哈利伯顿,PG,20,196,185,25,65.4,1.6,1,0.857,5.6,0.529,5.1,0.409,0.7,50,2.3,75,5.3,100,80,1.3,0.5,80.1,R,,,
players,马文,巴格利,PF,21,211,235,25,63.8,1.4,3.1,0.575,8.9,0.55,2.5,0.343,2.5,50,4.9,60,1,100,70,0.5,0.5,75,,,,
players,哈桑,怀特赛德,C,31,214,265,25,64.6,1.1,2.2,0.519,6.2,0.565,0,0,1.7,50,4.3,50,0.6,100,65,0.3,1.3,75,,,,
players,奇梅齐耶,梅图,C,23,206,225,25,62.3,0.8,1.2,0.721,3.9,0.549,1,0.351,0.9,50,2.3,50,0.8,100,60,0.4,0.5,75,,,,
players,贾斯汀,詹姆斯,SF,24,201,190,25,60,0.4,1,0.583,2,0.521,1.1,0.368,0.3,50,0.6,65,0.6,100,60,0.2,0.1,75,,,,
players,凯尔,盖伊,SG,23,186,167,25,60.8,0.4,0.6,0.8,1.4,0.381,1.5,0.283,0.2,50,1,65,1,100,60,0.2,0,75,,,,
players,德隆,赖特,PG,28,196,185,25,63.8,1.3,1.3,0.833,5.3,0.5,3.1,0.398,1,50,2.9,75,3.6,100,70,1.6,0.4,75,,,,
players,特伦斯,戴维斯,SG,23,194,201,25,62.3,1.3,1.4,0.784,3.7,0.535,5.4,0.372,0.4,50,2.9,70,1.7,100,65,1,0.3,75,,,,
players,莫里斯,哈克莱斯,SF,27,201,220,25,62.3,0.7,1.6,0.805,3,0.582,2.8,0.247,0.4,50,2.5,65,1.4,100,60,1.1,0.6,75,,,,
players,达米安,琼斯,C,25,211,245,25,61.5,0.9,2.1,0.714,3.9,0.682,0.2,0.25,1.2,50,3.3,50,1.4,100,60,0.5,1,75,,,,
players,贾米乌斯 ,拉姆齐,SG,19,191,190,25,60,0.2,0.4,1,1.5,0.526,1.5,0.263,0.2,50,0.6,60,0.5,100,60,0.3,0.1,75,R,,,
players,罗伯特,伍德德,SF,21,199,235,25,60,0.1,0.6,0.375,1.1,0.5,0.5,0.167,0.3,50,0.9,65,0.2,100,60,0,0.2,75,R,,,
players,路易斯,金,SF,21,201,205,25,60.8,0.7,1,1,3.8,0.565,1.8,0.364,0.8,50,2.2,70,1.5,100,65,1.2,0.5,75,,,,
players,凯尔登,约翰逊,SF,21,196,220,26,73.1,1.1,2.8,0.74,7.6,0.531,2.6,0.331,1.3,50,4.6,75,1.8,100,75,0.6,0.3,75.8,,,,
players,雅各布,珀尔特尔,C,25,216,245,26,79.2,1.2,1.8,0.508,6.2,0.616,0,0,3.2,50,4.8,50,1.9,100,75,0.7,1.8,75,,,,
players,帕蒂,米尔斯,PG,32,186,180,26,66.2,1,1.1,0.91,2.7,0.5,6.3,0.375,0.3,50,1.4,75,2.4,100,70,0.6,0,75,,,,
players,德章泰,穆雷,PG,24,194,180,26,80,1.7,2,0.791,11.6,0.488,3,0.317,0.9,50,6.2,75,5.4,100,80,1.5,0.1,84.8,,,,
players,鲁迪,盖伊,PF,34,204,250,26,73.1,1,1.6,0.804,5.6,0.451,4.4,0.381,0.7,50,4.1,70,1.4,100,65,0.7,0.6,75,,,,
players,德文,瓦塞尔,SF,20,196,200,26,68.5,0.4,0.8,0.843,2.5,0.464,2.4,0.347,0.4,50,2.4,65,0.9,100,60,0.7,0.3,75,R,,,
players,德马尔,德罗赞,SF,31,199,220,26,71.5,2,7.2,0.88,13.9,0.515,1.2,0.257,0.7,50,3.6,85,6.9,100,85,0.9,0.2,89.6,,,,
players,朗尼,沃克,SG,22,194,204,26,66.9,1.1,1.2,0.814,5.5,0.477,4.7,0.355,0.2,50,2.4,75,1.7,100,70,0.5,0.3,75,,,,
players,德鲁,尤班克斯,C,23,206,245,26,68.5,0.8,2,0.726,3.8,0.562,0,1,1.4,50,3.1,50,0.8,100,60,0.3,0.9,75,,,,
players,特雷,琼斯,PG,21,186,185,26,60.8,0.4,0.5,0.895,2,0.466,0.1,0.6,0.2,50,0.4,65,1.1,100,60,0.2,0,75,R,,,
players,德里克,怀特,SG,26,194,190,26,66.9,1.3,3.2,0.851,5.8,0.486,6.8,0.346,0.4,50,2.6,75,3.5,100,75,0.7,1,78.7,,,,
players,卢卡,沙马尼奇,PF,21,209,227,26,62.3,0.6,0.9,0.552,1.9,0.565,1.3,0.279,0.5,50,1.6,60,0.5,100,60,0.2,0.2,75,,,,
players,凯塔,贝茨-迪奥普,SF,25,204,229,26,62.3,0.2,0.7,0.667,1.7,0.5,0.6,0.294,0.3,50,1.3,65,0.4,100,60,0.4,0.2,75,,,,
players,特雷,莱尔斯,PF,25,206,234,26,62.3,0.3,1,0.652,2.2,0.58,1.7,0.35,0.4,50,3.3,60,0.6,100,65,0.3,0,75,,,,
players,奎因达里,韦瑟斯庞,SG,24,191,205,26,60.8,0.5,0.8,0.813,1.5,0.517,0.3,0.167,0.2,50,0.4,65,0.4,100,60,0.4,0.1,75,,,,
players,戈尔吉,迪昂,C,31,209,250,26,61.5,0.6,1.5,0.833,2.1,0.667,1.4,0.318,0.8,50,1.9,55,1.2,100,65,0.6,0.1,75,,,,
players,斯坦利,约翰逊,SF,24,199,242,27,68.5,0.9,0.9,0.8,1.6,0.458,2.2,0.328,0.5,50,2,65,1.5,100,60,0.9,0.3,75,,,,
players,克里斯,布歇,C,28,206,200,27,76.2,0.8,3.2,0.788,5.4,0.609,3.9,0.383,2,50,4.8,60,1.1,100,75,0.6,1.9,75,,,,
players,帕斯卡尔,西亚卡姆,PF,26,206,230,27,75.4,2.3,5.4,0.827,12.8,0.509,4.4,0.297,1.7,50,5.5,70,4.5,100,85,1.1,0.7,95.2,,,,
players,阿隆,贝恩斯,C,34,209,260,27,66.9,0.9,0.8,0.707,3.8,0.532,1.9,0.262,1.6,50,3.5,55,0.9,100,65,0.3,0.4,75,,,,
players,弗雷德,范弗利特,SG,26,186,197,27,73.8,1.8,3.7,0.885,7.6,0.416,9.2,0.366,0.6,50,3.6,85,6.3,100,85,1.7,0.7,97.1,,,,
players,德安德烈,本布里,SF,26,196,210,27,68.5,1.4,1.3,0.682,3.4,0.589,1,0.264,0.6,50,2.2,70,2.1,100,70,1,0.4,75,,,,
players,渡边,雄太,PF,26,206,215,27,66.2,0.4,0.6,0.828,1.8,0.478,1.8,0.4,0.7,50,2.5,65,0.8,100,65,0.5,0.4,75,,,,
players,马拉奇,弗林,PG,22,186,175,27,66.2,0.9,1.2,0.804,3.7,0.424,3.6,0.321,0.2,50,2.3,75,2.9,100,70,0.8,0.1,75,R,,,
players,凯尔,洛瑞,PG,34,183,196,27,70,2.7,3.5,0.875,5.8,0.487,7.2,0.396,0.8,50,4.6,80,7.3,100,80,1,0.3,92.6,HH,,,
players,OG,阿努诺比,SF,23,201,232,27,72.3,1.7,2.4,0.784,6,0.562,6.1,0.398,1.3,50,4.3,80,2.2,100,80,1.5,0.7,88.6,,,,
players,保罗,沃特森,SG,26,199,210,27,61.5,0.3,0.3,0.625,0.7,0.444,2.4,0.469,0.1,50,1.5,65,0.6,100,60,0.2,0.1,75,,,,
players,弗雷迪,吉莱斯皮,PF,23,206,245,27,63.8,0.6,1.7,0.697,4.2,0.524,0,0,2.1,50,2.8,60,0.5,100,65,0.7,1,75,R,,,
players,汉,伯奇,C,28,206,233,27,64.6,1.1,2.3,0.636,7.4,0.614,1.6,0.29,3,50,4.6,50,1.9,100,65,0.8,1.2,80.9,,,,
players,加里,特伦特,SG,22,196,209,27,63.1,0.7,1.8,0.806,8.1,0.431,7.3,0.355,0.4,50,3.2,80,1.3,100,75,1.1,0.2,84.6,,,,
players,罗德尼,胡德,SF,28,204,208,27,60.8,0.3,0.9,0.938,1.8,0.4,1.7,0.31,0.3,50,1.5,70,0.4,100,65,0.2,0.2,75,,,,
players,杰伦,哈里斯,SG,22,196,195,27,60.8,1.1,0.7,0.778,2.8,0.528,2.8,0.472,0.2,50,1.2,65,1.3,100,65,0.6,0,75,R,,,
players,博扬,博格达诺维奇,SG,31,201,226,28,79.2,1.8,3.7,0.879,6.4,0.487,6.4,0.39,0.6,50,3.3,75,1.9,100,75,0.6,0.1,81.9,,,,
players,乔治,尼昂,PF,27,201,230,28,70.8,0.7,0.3,0.957,1.6,0.469,4.1,0.425,0.4,50,2.1,60,0.8,100,65,0.3,0.1,75,,,,
players,罗伊斯,奥尼尔,SF,27,194,226,28,85.4,1.2,0.6,0.848,1.6,0.586,3.9,0.385,1.2,50,5.6,75,2.5,100,75,0.8,0.5,84,,,,
players,鲁迪,戈伯特,C,28,216,258,28,100,1.7,5.3,0.623,8.1,0.68,0.1,0,3.4,50,10.1,50,1.3,100,85,0.6,2.7,81.9,,,,
players,乔丹,克拉克森,SG,28,194,194,28,79.2,1.7,2.1,0.896,7,0.523,8.8,0.347,0.7,50,3.3,80,2.5,100,75,0.9,0.1,75,EX,,,
players,德里克 ,费沃斯,PF,29,206,265,28,76.9,0.5,1.2,0.738,3.5,0.643,0,0,2,50,3.5,60,0.6,100,70,0.5,1,75,,,,
players,乔,英格尔斯,SF,33,204,220,28,77.7,1.7,1.3,0.844,2.3,0.59,6.1,0.451,0.4,50,3.2,70,4.7,100,70,0.7,0.2,75,,,,
players,米耶,欧尼,SG,23,196,206,28,65.4,0.3,0.1,0.833,0.2,0.455,1.6,0.341,0.4,50,1.1,65,0.5,100,60,0.2,0.1,75,,,,
players,多诺万,米切尔,SG,24,186,215,28,76.9,2.8,6,0.845,11.9,0.476,8.7,0.386,0.9,50,3.5,90,5.2,100,100,1,0.3,88.8,HH,,,
players,迈克,康利,PG,33,186,175,28,76.2,1.9,2.8,0.852,6,0.479,6.6,0.412,0.7,50,2.8,75,6,100,85,1.4,0.2,78.2,,,,
players,特伦特,福雷斯特,PG,22,194,210,28,63.1,0.7,0.6,1,1.5,0.6,0.9,0.192,0.4,50,1.1,65,1.5,100,60,0.3,0.1,75,R,,,
players,朱万,摩根,PF,23,201,232,28,61.5,0.1,0.2,0.429,0.6,0.588,0.4,0.308,0.3,50,0.7,50,0.3,100,60,0.1,0,75,,,,
players,贾雷尔,布兰特利,PF,24,196,250,28,61.5,0.3,0.1,1,0.9,0.542,1,0.429,0.3,50,0.6,50,0.5,100,60,0.3,0.1,75,,,,
players,马特,托马斯,SG,26,194,190,28,61.5,0.4,0.4,0.857,1.4,0.615,2.1,0.256,0.2,50,1,65,0.5,100,60,0.1,0,75,,,,
players,以利亚,休斯,SG,22,196,215,28,60.8,0.3,0.2,0.75,0.4,0.286,1.3,0.348,0.1,50,0.4,65,0.3,100,60,0.1,0.1,75,R,,,
players,厄尔森,伊利亚索瓦,PF,33,206,235,28,62.3,0.5,0.3,1,0.8,0.231,2.4,0.439,0.4,50,1.3,60,0.2,100,60,0.6,0.2,75,EX,,,
players,乌多卡,阿祖布伊克,C,21,209,280,28,60.8,0.2,0.7,0.8,0.6,0.444,0,0,0.3,50,0.6,50,0,100,60,0.1,0.3,75,R,,,
players,罗宾,洛佩斯,C,32,214,281,29,66.9,1.1,1.9,0.723,5.7,0.649,0.3,0.278,2,50,1.8,50,0.8,100,65,0.2,0.6,75,,,,
players,拉塞尔,威斯布鲁克,PG,32,191,200,29,84.6,4.8,6.4,0.656,14.8,0.475,4.2,0.315,1.7,50,9.9,100,11.7,100,100,1.4,0.4,96.8,HF,,,
players,劳尔,内托,PG,28,186,180,29,70,0.8,1.3,0.882,4.4,0.512,2.6,0.39,0.4,50,2,75,2.3,100,75,1.1,0.1,75,,,,
players,加里森,马修斯,SG,24,196,215,29,64.6,0.2,1.5,0.884,0.6,0.538,3.1,0.384,0.3,50,1.1,70,0.4,100,60,0.5,0.1,75,,,,
players,布拉德利,比尔,SG,27,191,207,29,73.1,3.1,7.7,0.889,16.8,0.535,6.2,0.349,1.2,50,3.5,85,4.4,100,100,1.2,0.4,95.2,,,,
players,八,村垒,SF,22,204,230,29,70.8,1.2,2.8,0.77,9,0.519,2.4,0.328,0.9,50,4.6,75,1.4,100,70,0.8,0.1,83.8,,,,
players,戴维斯,贝尔斯特,PF,28,209,225,29,67.7,0.6,2,0.87,0.9,0.48,7.5,0.395,0.3,50,2.6,65,0.9,100,70,0.6,0.2,75,,,,
players,亚历克斯,莱恩,C,27,214,250,29,69.2,0.8,1.9,0.636,4.4,0.647,0.3,0.263,1.4,50,3,60,0.8,100,65,0.3,1,75,,,,
players,德尼,阿夫迪亚,SF,20,206,210,29,69.2,0.6,0.8,0.644,2.7,0.535,3.1,0.315,0.4,50,4.4,70,1.2,100,65,0.6,0.3,75,R,,,
players,伊斯梅尔,史密斯,PG,32,183,175,29,66.9,0.9,0.8,0.576,5.6,0.448,1.1,0.367,0.5,50,2.9,70,3.9,100,70,0.7,0.3,75,,,,
players,艾萨克,邦加,SG,21,204,180,29,63.1,0.6,0.2,0.625,0.9,0.5,1.2,0.277,0.5,50,1.2,60,0.6,100,60,0.3,0.2,75,,,,
players,安东尼,吉尔,PF,28,201,230,29,62.3,0.3,0.6,0.813,1.4,0.639,0.9,0.292,0.6,50,1.3,55,0.4,100,60,0.4,0.2,75,R,,,
players,丹尼尔,加福德,C,22,209,234,29,65.4,0.8,2.9,0.672,6,0.681,0,0,2.2,50,3.4,60,0.5,100,65,0.7,1.8,75,,,,
players,卡修斯,温斯顿,PG,22,186,185,29,60.8,0.2,0.3,0.833,0.7,0.375,0.8,0.471,0,50,0.4,60,0.5,100,60,0.1,0,75,R,,,
players,钱德勒,哈奇森,SF,24,199,210,29,62.3,0.8,1.3,0.826,3.7,0.409,1.1,0.368,0.3,50,2.9,65,0.7,100,60,0.6,0.3,75,,,,
players,托马斯,布莱恩特,C,23,209,248,29,61.5,1.1,2.4,0.667,7,0.714,2.1,0.429,1.8,50,4.3,60,1.5,100,70,0.4,0.8,75,,,,
,,,,,,,,,,,,,,,,,,,,,,,,,,,,,
// Rookies ,,,,,,,,,,,,,,,,,,,,,,,,,,,,,
//选秀,//姓,//名,//位置,//年龄,//高度,//宽度,//球队,//防御,//失误,//罚篮出手,//罚中率,//2分出手,//2分中率,//3分出手,//3分中率,//进攻篮板,//名望,//防守篮板,//快攻,//助攻,//个性,//潜力,//抢断,//盖帽,//体力,//特性,//城市,//省份,
// 索引,//仅一个,//全部,//C PF SF SG PG,//19-40,//170-222,//160-290,//0-29,//24-99,//0.3-4,//0.3-9,//0.3-0.9,//2-17,//0.3-0.7,//0.1-9,//0.1-0.5,//0.2-5,//1-100,//1-11,//10-100,//0.2-11,//15-98,//35-85,//0.1-2,//0-3,//32-100,//CG EX HF HH IH PT R SP,//城市,//省份,
Rookies,凯德,坎宁安,SG,20,198,220,-3,75,3.7,2.6,0.845,10.4,0.472,5.7,0.314,0.9,100,4.6,80,5.6,100,100,1.2,0.7,91.52,美国,,,","
Rookies,杰伦,格林,SG,19,193,184.8,-3,73,2,3.5,0.797,7.4,0.502,6.8,0.343,0.5,100,2.9,90,2.6,100,100,0.7,0.3,90.4,美国,,,","
Rookies,埃文,莫布里,PF,20,211,213.4,-3,82,1.9,3.7,0.663,10.7,0.541,1.3,0.25,2.1,100,6.2,70,2.5,100,100,0.8,1.7,93.44,美国,,,","
Rookies,斯科蒂,巴恩斯,PF,20,203,224.4,-3,75,1.8,2.9,0.735,10,0.543,2.6,0.301,2.6,100,4.9,75,3.5,100,100,1.1,0.7,96,美国,,,","
Rookies,杰伦,萨格斯,SG,20,196,204.6,-3,76,3,3.4,0.773,7.3,0.443,4.1,0.214,0.5,100,3,85,4.4,100,100,1.2,0.4,82.88,美国,,,","
Rookies,约什,吉迪,SF,19,203,204.6,-3,69,3.2,1.5,0.709,8.5,0.492,3.9,0.263,1.8,100,6,85,6.4,100,100,0.9,0.4,89.76,美国,,,","
Rookies,乔纳森,库明加,PF,19,201,224.4,-3,73,1.1,2.7,0.684,4.4,0.598,2.1,0.336,0.8,100,2.6,75,0.9,100,100,0.4,0.3,70,美国,,,","
Rookies,弗朗茨,瓦格纳,SF,20,208,220,-3,73,1.5,2.8,0.863,8.9,0.511,3.4,0.354,1.1,100,3.4,75,2.9,100,100,0.9,0.4,88.48,美国,,,","
Rookies,戴维翁,米切尔,PG,23,183,200.2,-3,84,1.5,1.1,0.659,7,0.48,4.3,0.316,0.4,100,1.8,80,4.2,100,100,0.7,0.3,83.68,美国,,,","
Rookies,扎伊尔,威廉姆斯,SF,20,206,184.8,-3,73,0.7,0.9,0.782,2.9,0.632,3.9,0.314,0.4,100,1.7,75,1,100,100,0.6,0.2,74.08,美国,,,","
Rookies,詹姆斯,布克奈特,SG,21,193,189.2,-3,69,0.5,1,0.871,3,0.348,1.6,0.347,0.7,100,1,70,0.8,100,100,0.2,0,70,美国,,,","
Rookies,乔舒亚,普理莫,SG,19,193,187,-3,70,1.1,1.2,0.746,2.7,0.444,2.7,0.307,0.6,100,1.6,75,1.6,100,100,0.4,0.5,70.24,美国,,,","
Rookies,克里斯,杜阿尔特,SF,24,196,189.2,-3,69,1.6,2,0.804,6.7,0.475,4.6,0.369,0.7,100,3.4,80,2.1,100,100,1,0.2,84.16,美国,,,","
Rookies,摩西,穆迪,SF,19,196,209,-3,71,0.3,0.7,0.778,1.4,0.548,2.1,0.364,0.3,100,1.2,75,0.4,100,100,0.1,0.2,70,美国,,,","
Rookies,科里,基斯珀特,SG,22,198,222.2,-3,70,0.6,0.8,0.871,2.5,0.629,4.2,0.35,0.7,100,2,75,1.1,100,100,0.5,0.3,76.8,美国,,,","
Rookies,阿尔佩伦,申京,C,19,208,242,-3,69,2,3.2,0.711,5.7,0.539,1.6,0.248,1.9,100,3.5,65,2.6,100,100,0.8,0.9,72.48,美国,,,","
Rookies,凯,琼斯,PF,21,208,220,-3,78,0.3,0.4,0.375,0.6,0.667,0.1,0.5,0.1,100,0.4,60,0.2,100,100,0,0.1,70,美国,,,","
Rookies,基翁,约翰逊,SG,19,193,184.8,-3,70,1.8,1.4,0.833,6,0.364,4,0.348,0.8,100,1.9,75,2.9,100,100,1,0.5,80.16,美国,,,","
Rookies,伊塞亚,杰克逊,C,20,208,204.6,-3,70,1.1,2.4,0.682,5.3,0.584,0.4,0.313,1.7,100,2.5,65,0.3,100,100,0.7,1.4,70,美国,,,","
Rookies,乌斯曼,加鲁巴,C,19,203,228.8,-3,70,0.3,0.3,0.714,1,0.583,0.8,0.25,0.9,100,2.6,65,0.7,100,100,0.4,0.5,70,美国,,,","
Rookies,约什,克里斯托弗,SG,20,191,213.4,-3,67,1.5,1.5,0.735,4.2,0.54,2.6,0.296,0.7,100,1.8,75,2,100,100,0.9,0.2,70,美国,,,","
Rookies,昆汀,格兰姆斯,SF,21,193,209,-3,70,0.6,0.4,0.684,1,0.5,4.1,0.381,0.5,100,1.5,75,1,100,100,0.7,0.2,70,美国,,,","
Rookies,纳肖恩,海兰德,PG,21,188,167.2,-3,61,1.2,1.8,0.856,3.1,0.465,5.2,0.366,0.2,100,2.5,80,2.8,100,100,0.6,0.3,70,美国,,,","
Rookies,卡梅隆,托马斯,SG,20,191,209,-3,59,0.8,1.6,0.829,4.9,0.52,2.6,0.27,0.2,100,2.2,80,1.2,100,100,0.5,0.1,70,美国,,,","
Rookies,贾登,斯普林格,SG,19,191,200.2,-3,69,0.5,0,0,0.5,1,0,0,0.5,100,0.5,75,0,100,100,0,1,70,美国,,,","
Rookies,戴隆,夏普,C,20,206,264,-3,69,0.9,1.3,0.585,4.4,0.592,0.2,0.286,2.5,100,2.5,65,0.5,100,100,0.3,0.5,70,美国,,,","
Rookies,桑迪,阿尔达马,PF,21,211,213.4,-3,65,0.5,1,0.625,2.6,0.56,1.5,0.125,1,100,1.7,65,0.7,100,100,0.2,0.3,70,美国,,,","
Rookies,伊塞亚,托德,PF,20,206,217.8,-3,55,0.3,0.5,0.333,0.8,0.3,1.3,0.25,0.3,100,0.8,60,0.3,100,100,0.3,0.2,70,美国,,,","
Rookies,杰里迈亚,罗宾逊-厄尔,C,21,203,242,-3,66,0.8,1.1,0.741,3.2,0.478,3.4,0.352,1.5,100,4.1,65,1,100,100,0.6,0.3,74.88,美国,,,","
Rookies,赫伯特,琼斯,SG,23,201,204.6,-3,79,1.3,2.1,0.84,5.2,0.533,2.2,0.337,1.3,100,2.5,80,2.1,100,100,1.7,0.8,87.2,美国,,,","
Rookies,迈尔斯,麦克布莱德,PG,21,186,193.6,-3,70,0.1,0.3,0.667,1,0.375,1.7,0.25,0.1,100,1,75,1,100,100,0.4,0,70,美国,,,","
Rookies,J.T.,索尔,SF,19,206,202.4,-3,63,0.3,0.6,0.6,0.8,0.607,0.8,0.259,0.3,100,1,70,0.6,100,100,0.2,0.3,70,美国,,,","
Rookies,阿约,多苏姆,PG,22,193,198,-3,69,1.4,1,0.679,4.5,0.596,2.4,0.376,0.4,100,2.4,80,3.3,100,100,0.8,0.4,83.2,美国,,,","
Rookies,贾里德,巴特勒,PG,21,191,191.4,-3,60,0.8,0.4,0.688,1.5,0.524,2.1,0.318,0.1,100,1,75,1.5,100,100,0.4,0.2,70,美国,,,","
Rookies,乔,威斯坎普,SF,22,198,204.6,-3,60,0.1,0.4,0.538,0.4,0.462,1.5,0.326,0.1,100,0.3,75,0.3,100,100,0.1,0.1,70,美国,,,","
Rookies,伊塞亚,利夫斯,PF,23,198,231,-3,37,0.8,0.7,0.857,1.4,0.538,3.4,0.422,0.8,100,2.2,60,1.1,100,100,0.7,0.4,71.68,美国,,,","
Rookies,格雷格,布朗,PF,20,201,204.6,-3,62,0.8,1.4,0.677,2.7,0.481,1.3,0.311,0.8,100,2,65,0.7,100,100,0.5,0.5,70,美国,,,","
Rookies,凯斯勒,爱德华兹,SF,21,201,202.4,-3,63,0.9,0.4,0.842,2.7,0.473,2.8,0.353,0.9,100,2.7,65,0.6,100,100,0.6,0.5,72.32,美国,,,","
Rookies,达拉诺,班顿,PG,22,201,202.4,-3,60,0.8,0.7,0.591,2.4,0.464,0.8,0.255,0.6,100,1.3,75,1.5,100,100,0.4,0.2,70,美国,,,","
Rookies,大卫,约翰逊,SG,20,193,202.4,-3,58,0.1,0,0,0,0,0.5,0,0,100,0,70,0,100,100,0,0,70,美国,,,","
Rookies,谢里夫,库珀,PG,20,186,178.2,-3,70,0.4,0,0,0.6,0.25,0.5,0.167,0,100,0.4,65,0.4,100,100,0,0,70,美国,,,","
Rookies,布兰顿,波士顿,SG,20,201,187,-3,62,0.6,1.4,0.819,4.2,0.425,2.2,0.306,0.3,100,1.8,75,1,100,100,0.5,0.3,70,美国,,,","
Rookies,卢卡,加尔扎,C,23,208,242,-3,54,0.6,1.9,0.623,3.1,0.51,1.5,0.327,1.8,100,1.3,60,0.6,100,100,0.3,0.2,70,美国,,,","
Rookies,查尔斯,巴锡,C,21,206,228.8,-3,69,0.3,0.5,0.75,1.9,0.698,0.2,0,1,100,1.7,65,0.3,100,100,0.2,0.7,70,美国,,,","
Rookies,桑德罗,马穆凯拉施维尔,C,22,206,239.8,-3,65,0.4,0.5,0.818,1.5,0.556,1.3,0.423,0.9,100,1.1,60,0.5,100,100,0.2,0.2,70,美国,,,","
Rookies,阿隆,威金斯,SF,23,193,189.2,-3,59,1.1,1.7,0.729,4,0.573,2.8,0.304,1,100,2.5,75,1.4,100,100,0.6,0.2,78.08,美国,,,","
Rookies,斯科蒂,刘易斯,SG,21,193,187,-3,62,0.1,1,0.5,0,0,0,0,0,100,0,70,0.5,100,100,0.5,0,70,美国,,,","
Rookies,杰西克,西姆斯,C,23,206,248.6,-3,66,0.5,0.7,0.414,1.3,0.722,0,0,1.5,100,2.6,60,0.5,100,100,0.3,0.5,70,美国,,,","
Rookies,乔治斯,卡莱查基斯,SG,23,203,191.4,-3,60,4,5.3,0.476,8.5,0.529,5.5,0.364,0.5,100,2.8,75,3,100,100,2.5,0.3,70,美国,,,","
Rookies,马特,瑞安,SF,24,201,213.4,-3,64,0.1,0,0,0,0,5,0.2,0,100,0,70,0,100,100,1,0,70,美国,,,","
Rookies,大卫,杜克,SG,22,193,202.4,-3,60,0.4,1,0.81,3.2,0.423,1.7,0.243,1.4,100,1.7,70,0.8,100,100,0.6,0.3,85,美国,,,","
Rookies,戴申,尼克斯,PG,19,193,224.4,-3,,1.1,1.3,0.533,1.7,0.488,1.1,0.269,0.3,100,1.1,70,1.7,100,100,0.6,0,70,美国,,,","
Rookies,杜安,华盛顿,SG,21,191,195.8,-3,62,1.2,1.3,0.754,4.4,0.434,4.5,0.377,0.1,100,1.6,70,1.8,100,100,0.5,0.1,71.68,美国,,,","
Rookies,特里,泰勒,PF,22,196,228.8,-3,54,0.7,1.5,0.706,5.5,0.676,1.2,0.316,2.9,100,2.3,65,1.2,100,100,0.4,0.2,73.92,美国,,,","
Rookies,奥斯丁,里夫斯,SG,23,196,195.8,-3,73,0.7,1.9,0.839,2.5,0.616,2.7,0.317,0.7,100,2.4,80,1.8,100,100,0.5,0.3,76.48,美国,,,","
Rookies,奥默,尤尔特赛文,C,23,211,275,-3,62,0.7,1.1,0.623,4.2,0.547,0.2,0.091,1.5,100,3.7,60,0.9,100,100,0.3,0.4,70,美国,,,","
Rookies,乔克,兰代尔,C,26,211,253,-3,65,0.6,0.8,0.829,2.1,0.626,1.6,0.326,1.2,100,1.4,60,0.8,100,100,0.2,0.3,70,美国,,,","
Rookies,特伦登,沃特福德,PF,21,203,235.4,-3,66,0.9,2,0.755,4.8,0.581,0.8,0.237,1.2,100,3,65,1.7,100,100,0.5,0.6,70,美国,,,","
Rookies,维特,克雷伊奇,SF,21,203,193.6,-3,60,1,0.7,0.864,2.3,0.522,3.3,0.327,0.6,100,2.8,70,1.9,100,100,0.6,0.3,76.16,美国,,,","
Rookies,特雷,曼,SG,20,191,176,-3,66,1.2,1.4,0.793,5.3,0.421,4.5,0.36,0.4,100,2.4,75,1.5,100,100,0.8,0.2,75.84,美国,,,","
Rookies,何塞,阿尔瓦拉多,PG,23,183,178.2,-3,82,0.7,1,0.679,3.4,0.538,2,0.291,0.5,100,1.4,85,2.8,100,100,1.3,0.1,70,美国,,,","
Rookies,扎维尔,辛普森,PG,24,183,189.2,-3,69,2.5,1.3,1,11,0.409,2,0.125,0.5,100,4.8,70,7.5,100,100,1.3,1,70,美国,,,","
Rookies,罗伊斯,阿里扎,PF,22,208,195,-3,33,1.31,5.43,0.6,0.81,0.493,0.64,0.395,1.8,100,5.28,71,2.02,100,100,0.96,0.35,82,美国,,,","
Rookies,乔治,特伦特,SG,22,193.1,225,-3,40,3.42,4.31,0.73,1.21,0.439,0.87,0.343,0.95,100,3,74,2.11,100,100,0.8,0.48,80,美国,,,","
Rookies,托尼,西蒙斯,PF,20,210.9,235,-3,79,0.96,4.17,0.717,0.7,0.514,0.54,0.358,1.1,100,3.15,35,0.58,100,100,0.81,0.38,73,美国,,,","
Rookies,贾斯汀,科林斯,SF,19,205.8,205,-3,38,0.68,2.79,0.736,0.76,0.443,4.29,0.342,1.13,100,2.84,58,1.55,100,100,0.7,0.5,76,美国,,,","
Rookies,米耶,赫祖加,SG,22,195.6,180,-3,74,3.03,3.74,0.834,3.05,0.437,2.91,0.341,0.78,100,2.71,78,0.88,100,100,0.54,0.37,71,美国,,,","
Rookies,雷琼,利特尔,SF,18,200.7,235,-3,37,3.75,2.98,0.74,6.02,0.411,4.5,0.324,0.4,100,1.92,73,1.65,100,100,0.56,0.21,68,美国,,,","
Rookies,贾雷尔,斯瓦尼根,SF,20,204.1,205,-3,49,1.12,2.2,0.856,5.06,0.471,3.98,0.283,0.77,100,4.19,54,2.78,100,100,1.42,0.4,63,美国,,,","
Rookies,埃德,霍尔德,PG,20,190.2,168,-3,54,2.6,0.14,0.807,3.77,0.439,3.95,0.282,0.28,100,1.91,60,4.18,100,100,0.86,0.12,69,美国,,,","
Rookies,朱万,加布里埃尔,SF,21,204.1,201,-3,69,2.27,0.55,0.66,5.81,0.468,1.95,0.279,0.62,100,2.67,47,2.73,100,100,0.59,0.33,76,美国,,,","
Rookies,奈吉尔,德克尔,SG,22,203.2,205,-3,25,0.55,4.31,0.7,5.66,0.452,1.06,0.367,0.7,100,2.04,54,1.38,100,100,0.77,0.24,82,美国,,,","
Rookies,布拉德利,罗伊斯,C,19,216,255,-3,25,3.24,2.76,0.836,3.94,0.485,1.32,0.288,1.57,100,4.79,30,1.13,100,100,0.33,0.69,74,美国,,,","
Rookies,戴维斯,丹特,C,18,210.9,231,-3,43,1.46,2.98,0.626,2.57,0.505,3.75,0.283,1.52,100,5.51,34,0.58,100,100,0.59,1.52,74,美国,,,","
Rookies,路易斯,博尔特,PF,19,204.2,235,-3,60,2.51,5.92,0.74,2.86,0.396,0.04,0.272,0.48,100,3.88,52,2.79,100,100,0.93,0.29,81,美国,,,","
Rookies,托马斯,贝勒斯,C,20,205.5,210,-3,52,1.52,0.88,0.86,4.1,0.466,4.34,0.367,0.7,100,2.28,34,1.47,100,100,1.01,0.4,82,美国,,,","
,,,,,,,,,,,,,,,,,,,,,,,,,,,,,
// Coaches ,,,,,,,,,,,,,,,,,,,,,,,,,,,,,
,Team ID,First,Last,Age,Position,Authority,Expectation,Personality,ShotSelection,BallMovement,Rebounding,Defence,Structure,DevShot,DevBallMovement,DevRebounding,DevDefence,DevFitness,FindTalent,FindPotential,Persuasion,Dedication,Desire,Potential,,,,,
Coaches,0,劳埃德,皮尔斯,44,HC,50,49,82,85,73,79,71,73,63.75,54.75,59.25,53.25,54.75,70,67,67,65,45,71,,,,,
Coaches,1,布拉德,史蒂文斯,44,HC,90,86,89,92,89,93,99,99,69,66.75,69.75,74.25,74.25,68,75,78,72,97,88,,,,,
Coaches,2,肯尼,阿特金斯,53,HC,68,48,79,84,80,99,82,86,63,60,74.25,61.5,64.5,80,71,67,78,47,81,,,,,
Coaches,3,詹姆斯,博雷戈,43,HC,54,59,88,71,83,76,89,74,53.25,62.25,57,66.75,55.5,75,77,64,63,32,71,,,,,
Coaches,4,吉姆,博伊兰,55,HC,50,43,70,74,76,72,88,79,55.5,57,54,66,59.25,75,64,76,73,22,69,,,,,
Coaches,5,约翰,贝林,67,HC,50,71,79,75,71,83,79,72,56.25,53.25,62.25,59.25,54,78,69,80,75,12,61,,,,,
Coaches,6,里克,卡莱尔,61,HC,92,75,88,98,97,97,85,95,73.5,72.75,72.75,63.75,71.25,62,63,61,71,86,76,,,,,
Coaches,7,迈克尔,马龙,49,HC,89,90,75,82,96,81,90,90,61.5,72,60.75,67.5,67.5,63,71,65,67,32,86,,,,,
Coaches,8,德维恩,凯西,63,HC,65,75,70,76,82,71,86,78,57,61.5,53.25,64.5,58.5,63,64,77,61,78,72,,,,,
Coaches,9,史蒂夫,科尔,55,HC,98,98,98,73,86,77,77,71,54.75,64.5,57.75,57.75,53.25,60,67,80,74,96,89,,,,,
Coaches,10,迈克,德安东尼,69,HC,84,89,89,99,72,82,78,93,74.25,54,61.5,58.5,69.75,72,68,66,77,89,86,,,,,
Coaches,11,内特,麦克米兰,56,HC,72,70,78,78,100,75,98,88,58.5,75,56.25,73.5,66,61,78,77,67,77,81,,,,,
Coaches,12,道格,里弗斯,59,HC,88,100,60,97,84,98,87,98,72.75,63,73.5,65.25,73.5,70,71,66,68,86,64,,,,,
Coaches,13,弗兰克,沃格尔,47,HC,85,95,100,90,90,92,97,96,67.5,67.5,69,72.75,72,67,71,77,64,31,100,,,,,
Coaches,14,泰勒,詹金斯,36,HC,50,50,65,87,94,95,80,84,65.25,70.5,71.25,60,63,66,76,78,74,35,68,,,,,
Coaches,15,埃里克,斯波尔斯特拉,50,HC,87,90,79,86,88,84,91,94,64.5,66,63,68.25,70.5,65,71,78,80,78,70,,,,,
Coaches,16,迈克,布登霍尔泽,51,HC,92,100,88,100,87,100,93,100,75,65.25,75,69.75,75,70,73,65,62,89,84,,,,,
Coaches,17,莱恩,桑德斯,34,HC,49,32,78,89,81,87,73,77,66.75,60.75,65.25,54.75,57.75,74,64,63,63,31,68,,,,,
Coaches,18,阿尔文,金特里,66,HC,67,65,85,96,85,96,74,81,72,63.75,72,55.5,60.75,65,60,77,77,77,72,,,,,
Coaches,19,大卫,菲兹戴尔,46,HC,60,60,65,72,75,94,83,75,54,56.25,70.5,62.25,56.25,78,61,61,75,77,68,,,,,
Coaches,20,比利,多诺万,55,HC,70,74,82,80,79,78,94,89,60,59.25,58.5,70.5,66.75,79,70,76,77,81,81,,,,,
Coaches,21,史蒂夫,克劳福德,59,HC,70,70,75,77,98,85,96,82,57.75,73.5,63.75,72,61.5,66,67,60,66,80,71,,,,,
Coaches,22,布雷特,布朗,59,HC,70,85,82,81,95,90,95,91,60.75,71.25,67.5,71.25,68.25,62,67,75,64,89,79,,,,,
Coaches,23,蒙蒂,威廉姆斯,49,HC,42,22,65,91,92,80,81,87,68.25,69,60,60.75,65.25,78,71,75,68,17,66,,,,,
Coaches,24,特里,斯托茨,63,HC,78,68,80,95,78,89,75,83,71.25,58.5,66.75,56.25,62.25,72,60,63,70,78,79,,,,,
Coaches,25,卢克,沃顿,40,HC,50,80,70,79,77,74,84,80,59.25,57.75,55.5,63,60,64,63,65,70,29,73,,,,,
Coaches,26,格雷格,波波维奇,71,HC,92,84,61,93,99,86,76,85,69.75,74.25,64.5,57,63.75,61,67,78,74,98,75,,,,,
Coaches,27,尼克,纳斯,53,HC,89,88,75,88,91,91,100,97,66,68.25,68.25,75,72.75,75,68,78,62,72,76,,,,,
Coaches,28,奎因,斯奈德,54,HC,87,78,82,83,74,88,92,92,62.25,55.5,66,69,69,72,69,72,68,82,78,,,,,
Coaches,29,斯科特,布鲁克斯,55,HC,85,82,88,94,93,73,72,76,70.5,69.75,54.75,54,57,74,67,76,67,73,72,,,,,
Coaches,0,格雷格,福斯特,52,AC,55,41,69,63.75,54.75,59.25,53.25,54.75,80.75,69.35,75.05,67.45,69.35,43,49,48,49,12,65,,,,,
Coaches,1,杰罗姆,阿伦,47,AC,60,68,70,69,66.75,69.75,74.25,74.25,87.4,84.55,88.35,94.05,94.05,46,42,47,48,14,67,,,,,
Coaches,2,亚当,哈灵顿,40,AC,85,60,70,63,60,74.25,61.5,64.5,79.8,76,94.05,77.9,81.7,59,57,48,43,64,60,,,,,
Coaches,3,邓启,格兰特,33,AC,70,61,85,53.25,62.25,57,66.75,55.5,67.45,78.85,72.2,84.55,70.3,50,50,59,44,36,67,,,,,
Coaches,4,罗伊,罗格斯,47,AC,55,70,75,55.5,57,54,66,59.25,70.3,72.2,68.4,83.6,75.05,41,45,44,43,34,68,,,,,
Coaches,5,JB,比克斯塔夫,41,AC,65,40,85,56.25,53.25,62.25,59.25,54,71.25,67.45,78.85,75.05,68.4,43,49,48,49,38,67,,,,,
Coaches,6,达雷尔,阿姆斯特朗,52,AC,55,57,81,73.5,72.75,72.75,63.75,71.25,93.1,92.15,92.15,80.75,90.25,43,53,47,48,33,69,,,,,
Coaches,7,莱恩,鲍文,44,AC,55,57,65,61.5,72,60.75,67.5,67.5,77.9,91.2,76.95,85.5,85.5,49,43,59,58,33,68,,,,,
Coaches,8,西德尼,劳,60,AC,70,52,80,57,61.5,53.25,64.5,58.5,72.2,77.9,67.45,81.7,74.1,53,67,67,79,48,68,,,,,
Coaches,9,麦克,布朗,42,AC,65,56,65,54.75,64.5,57.75,57.75,53.25,69.35,81.7,73.15,73.15,67.45,66,54,76,73,38,68,,,,,
Coaches,10,马特,布莱斯,38,AC,50,56,55,74.25,54,61.5,58.5,69.75,94.05,68.4,77.9,74.1,88.35,53,66,62,58,66,69,,,,,
Coaches,11,佩珀,琼斯,50,AC,55,64,70,58.5,75,56.25,73.5,66,74.1,95,71.25,93.1,83.6,74,80,56,72,70,60,,,,,
Coaches,12,萨姆,卡塞尔,50,AC,70,68,75,72.75,63,73.5,65.25,73.5,92.15,79.8,93.1,82.65,93.1,50,54,65,65,58,68,,,,,
Coaches,13,菲尔,汉迪,67,AC,80,70,55,67.5,67.5,69,72.75,72,85.5,85.5,87.4,92.15,91.2,61,58,53,63,35,55,,,,,
Coaches,14,布拉德,琼斯,67,AC,80,70,55,65.25,70.5,71.25,60,63,82.65,89.3,90.25,76,79.8,61,58,53,63,35,55,,,,,
Coaches,15,马利克,阿伦,42,AC,60,61,70,64.5,66,63,68.25,70.5,81.7,83.6,79.8,86.45,89.3,63,67,75,84,28,69,,,,,
Coaches,16,文,贝克,48,AC,60,64,80,75,65.25,75,69.75,75,95,82.65,95,88.35,95,72,70,69,79,25,68,,,,,
Coaches,17,大卫,温特博尔,47,AC,70,69,70,66.75,60.75,65.25,54.75,57.75,84.55,76.95,82.65,69.35,73.15,58,67,65,78,69,68,,,,,
Coaches,18,杰夫,布泽迪克,67,AC,60,70,75,72,63.75,72,55.5,60.75,91.2,80.75,91.2,70.3,76.95,65,62,69,78,67,68,,,,,
Coaches,19,朱,巴切尔,52,AC,60,55,65,54,56.25,70.5,62.25,56.25,68.4,71.25,89.3,78.85,71.25,62,68,62,79,73,64,,,,,
Coaches,20,范,瀚范尼,47,AC,60,70,75,60,59.25,58.5,70.5,66.75,76,75.05,74.1,89.3,84.55,65,62,69,78,67,68,,,,,
Coaches,21,迈克,贝特斯特,42,AC,60,72,65,57.75,73.5,63.75,72,61.5,73.15,93.1,80.75,91.2,77.9,74,69,62,67,39,68,,,,,
Coaches,22,约翰,布莱恩特,67,AC,55,70,60,60.75,71.25,67.5,71.25,68.25,76.95,90.25,85.5,90.25,86.45,52,60,71,80,8,63,,,,,
Coaches,23,兰迪,阿耶尔,64,AC,65,50,60,68.25,69,60,60.75,65.25,86.45,87.4,76,76.95,82.65,53,59,74,80,50,70,,,,,
Coaches,24,内特,托比特,61,AC,65,65,65,71.25,58.5,66.75,56.25,62.25,90.25,74.1,84.55,71.25,78.85,65,65,65,65,65,65,,,,,
Coaches,25,鲍勃,贝耶尔,44,AC,60,73,70,59.25,57.75,55.5,63,60,75.05,73.15,70.3,79.8,76,59,69,63,73,83,70,,,,,
Coaches,26,汉普,英格兰德,62,AC,65,65,60,69.75,74.25,64.5,57,63.75,88.35,94.05,81.7,72.2,80.75,49,52,69,68,41,60,,,,,
Coaches,27,阿莉克丝,麦吉尼斯,70,AC,55,64,70,66,68.25,68.25,75,72.75,83.6,86.45,86.45,95,92.15,74,80,56,72,70,60,,,,,
Coaches,28,迈克,威尔斯,38,AC,65,38,65,62.25,55.5,66,69,69,78.85,70.3,83.6,87.4,87.4,75,72,66,67,37,75,,,,,
Coaches,29,托尼,布朗,60,AC,70,68,75,70.5,69.75,54.75,54,57,89.3,88.35,69.35,68.4,72.2,50,54,65,65,58,70,,,,,
Coaches,-1,史蒂夫,纳什,45,NA,77,27,100,88,86,55,36,76,88,83,49,40,68,43,29,29,43,25,86,,,,,
Coaches,-1,科比,布莱恩特,41,NA,98,22,86,90,71,64,81,83,89,52,43,86,79,41,40,27,41,34,85,,,,,
Coaches,-1,蒂姆,邓肯,43,NA,98,33,98,81,52,92,94,73,68,51,85,88,70,47,27,48,45,4,85,,,,,
Coaches,-1,布兰登,罗伊,35,NA,82,40,88,84,80,53,78,60,81,74,64,76,75,44,49,47,44,4,81,,,,,
Coaches,-1,JB,奥尼尔,53,NA,79,60,66,68,64,85,69,62,72,79,68,82,74,75,64,61,79,79,83,,,,,
Coaches,-1,丹,奥拉朱旺,67,NA,69,60,79,78,63,85,85,75,64,79,84,60,77,77,70,85,65,68,68,,,,,
Coaches,-1,布朗,罗格斯,52,NA,66,61,60,81,75,78,84,65,69,77,79,73,80,76,68,84,84,60,81,,,,,
Coaches,-1,乔治,查瓦利亚,69,NA,83,65,78,70,60,67,77,64,82,74,74,75,82,69,76,80,72,71,61,,,,,
Coaches,-1,格雷莫,肯尼森,41,NA,81,82,79,68,80,72,68,70,71,64,70,71,85,82,60,77,69,82,73,,,,,
Coaches,-1,沙克,克里蒙斯,42,NA,80,75,70,60,75,83,62,67,64,81,67,81,64,74,61,63,75,83,85,,,,,
Coaches,-1,杰夫,彼得斯,54,NA,73,77,61,64,64,77,71,71,62,85,67,77,61,78,84,81,83,61,77,,,,,
Coaches,-1,莱斯,库尔特,67,NA,82,79,64,83,63,68,69,73,66,77,66,76,85,74,83,66,76,75,69,,,,,
Coaches,-1,萨尔,库特斯,62,NA,62,67,64,68,79,77,75,78,65,72,75,81,72,63,77,70,61,73,83,,,,,
Coaches,-1,迈克尔,布拉迪,55,NA,79,83,66,62,62,68,80,83,71,79,63,82,75,61,70,66,75,70,69,,,,,
Coaches,-1,萨米尔,罗森菲尔德,66,NA,75,78,81,79,65,83,81,85,75,73,74,83,81,66,72,79,73,85,69,,,,,
Coaches,-1,卢锡安,罗坎特思,62,NA,73,74,66,62,68,67,72,76,76,81,75,66,62,60,73,78,71,81,60,,,,,
Coaches,-1,达伦,纳瓦瑞德,55,NA,84,65,60,61,77,76,78,72,80,75,79,70,81,72,68,72,73,71,81,,,,,
Coaches,-1,基南,弗莱希曼,63,NA,64,82,71,80,83,63,76,70,62,79,64,67,85,75,66,69,61,71,64,,,,,
Coaches,-1,贾莱德,库特斯,59,NA,68,66,68,74,71,67,75,65,62,82,65,71,69,66,65,72,74,74,73,,,,,
Coaches,-1,卢锡安,罗森菲尔德,33,NA,76,71,76,78,75,60,79,69,73,66,82,79,81,62,70,64,72,85,60,,,,,
Coaches,-1,菲利克斯,罗坎特思,30,NA,79,62,82,76,62,80,70,60,65,60,75,66,77,64,63,65,64,79,83,,,,,
Coaches,-1,泰,纳瓦瑞德,33,NA,73,83,68,75,79,61,76,67,74,79,66,79,69,79,62,66,75,77,63,,,,,
Coaches,-1,尼尔,弗莱希曼,61,NA,64,78,73,66,82,72,69,81,81,70,69,81,70,67,70,64,85,75,80,,,,,
Coaches,-1,德兰德,麦克林,43,NA,80,66,82,85,84,72,68,77,73,76,80,79,64,78,64,70,84,64,82,,,,,
Coaches,-1,乔纳森,埃德米斯顿,45,NA,65,76,60,67,84,81,85,68,79,63,69,68,68,83,77,66,73,83,85,,,,,
Coaches,-1,欧文,阿尔瓦雷斯,30,NA,64,78,81,82,70,71,67,74,66,67,75,66,65,66,68,68,67,80,61,,,,,
Coaches,-1,安德鲁,马凯特,61,NA,69,69,79,80,80,84,79,85,79,83,70,68,85,63,66,84,62,62,82,,,,,
Coaches,-1,托比厄斯,怀昂,44,NA,76,73,60,66,81,67,61,84,69,74,71,69,79,70,78,85,74,66,67,,,,,
Coaches,-1,琼斯,克恩,53,NA,75,71,80,79,65,66,61,74,68,63,78,65,68,62,69,63,67,81,66,,,,,
Coaches,-1,安德鲁,特里恩,43,NA,69,82,72,76,78,67,60,80,69,78,81,82,62,78,69,81,60,70,83,,,,,
Coaches,-1,爱德森,索斯沃斯,67,NA,85,83,76,65,67,75,82,65,70,60,65,72,66,60,60,76,79,63,68,,,,,
Coaches,-1,克里斯,迈克尔,41,NA,64,67,84,66,79,61,66,74,76,84,67,68,64,80,69,79,77,65,82,,,,,
Coaches,-1,林恩,特伯维尔,66,NA,60,68,79,84,70,65,64,83,70,60,78,67,68,66,69,61,64,71,81,,,,,
Coaches,-1,乔丹,兰吉,37,NA,64,67,64,74,66,60,66,82,80,79,76,63,70,72,62,66,65,68,72,,,,,
Coaches,-1,迈克尔,吉利奥,35,NA,79,80,73,67,70,78,60,73,84,75,79,73,73,62,67,84,74,66,73,,,,,
Coaches,-1,厄伯,盖斯,31,NA,72,83,66,68,61,61,64,61,71,60,80,76,64,78,61,84,76,68,70,,,,,
Coaches,-1,埃斯特班,伦切尔,42,NA,74,71,77,83,66,82,83,66,82,64,67,67,65,85,63,70,61,72,62,,,,,
Coaches,-1,梅哈米,施莱尔,53,NA,83,67,76,71,83,79,70,62,67,78,76,70,66,68,74,76,83,76,76,,,,,
Coaches,-1,比利,布罗考,51,NA,74,80,83,74,71,74,79,84,77,70,71,67,84,66,66,81,85,75,75,,,,,
Coaches,-1,莱,利,18,NA,100,100,100,100,100,100,100,100,73,67,83,72,64,85,63,78,61,100,100,,,,,
Coaches,-1,咸鱼,莱利,18,NA,100,100,100,64,65,61,67,63,100,100,100,100,100,62,60,76,77,100,100,,,,,
Coaches,-1,神算子,莱利,18,NA,100,100,100,50,53,49,44,41,50,30,45,27,60,100,100,100,100,100,100,,,,,
Coaches,-1,希尔顿,帕特森,38,NA,76,65,69,65,63,78,73,84,67,68,84,80,83,80,75,84,70,66,62,,,,,
Coaches,-1,弗兰克,萨纳西斯,59,NA,80,80,64,73,60,62,81,76,81,72,62,80,61,80,68,68,83,75,84,,,,,
Coaches,-1,萨姆,乌杜尤,58,NA,73,76,79,68,82,60,67,82,76,79,62,71,75,67,75,74,82,70,76,,,,,
Coaches,-1,洛奇,索普,60,NA,64,71,83,74,64,85,64,72,73,76,83,80,82,67,60,65,75,63,71,,,,,
Coaches,-1,乔丹,阿伦,33,NA,75,61,80,84,62,66,70,65,69,77,70,67,77,84,77,83,85,84,71,,,,,
Coaches,-1,詹姆斯,亚历克斯,52,NA,83,75,67,65,67,81,85,82,79,69,67,62,71,65,69,71,82,66,85,,,,,
Coaches,-1,帕戈,格林,44,NA,62,64,61,62,78,84,67,63,71,75,72,79,71,60,68,69,66,79,60,,,,,
Coaches,-1,迪亚特,约翰逊,57,NA,68,77,79,82,82,75,65,77,67,75,71,71,78,80,60,69,67,77,65,,,,,
Coaches,-1,福斯,托马斯,31,NA,63,68,74,82,69,62,61,71,74,67,68,70,65,83,63,61,82,61,71,,,,,
Coaches,-1,巴伦,乔治,49,NA,67,81,67,76,69,67,81,63,81,76,85,76,73,77,79,72,83,67,62,,,,,
Coaches,-1,肖恩,西蒙斯,47,NA,82,69,73,76,66,64,66,81,65,76,85,69,75,70,68,60,85,72,63,,,,,
Coaches,-1,罗恩,罗索,35,NA,65,66,60,64,60,75,61,67,71,66,69,70,80,78,82,63,62,67,69,,,,,
Coaches,-1,比尔,奥克波,41,NA,80,79,71,78,65,61,73,67,71,67,66,66,82,77,85,69,76,84,68,,,,,
